,nest,year,species,field.hab,nest.veg,lat,long,visit,initiation,robel.found,robel.found.date,robel.fate,robel.fate.date,FirstFound,LastPresent,LastChecked,Fate,Freq
1,A1,2016,MALL,grass,low.shrub,48.36158,-101.98888,t,112,7,123,10.5,155,123,145,145,0,1
2,A100,2016,BWTE,grass,grass,48.37838,-101.96216,t,144,11.5,150,11.5,157,150,150,157,1,1
3,A101,2016,BWTE,grass,grass,48.37664,-101.96242,t,135,8.5,150,6.5,162,150,161,161,0,1
4,A102,2016,BWTE,grass,grass,48.37665,-101.96238,t,132,9.5,150,13.5,170,150,164,164,0,1
5,A103,2016,MALL,grass,grass,48.37571,-101.96204,t,142,17.5,150,18,157,150,150,157,1,1
6,A104,2016,BWTE,grass,grass,48.37746,-101.96,t,135,11,150,8.5,170,150,168,168,0,1
7,A105,2016,MALL,grass,grass,48.37944,-101.95979,t,141,17.5,150,26,162,150,157,162,1,1
8,A106,2016,MALL,grass,grass,48.37314,-101.95263,t,143,11.5,150,11,157,150,150,157,1,1
9,A107,2016,MALL,grass,grass,48.37544,-101.9521,t,146,13.5,150,11,181,150,178,178,0,1
10,A108,2016,NSHO,grass,grass,48.37709,-101.95303,t,139,18,150,17,157,150,150,157,1,1
11,A109,2016,MALL,grass,grass,48.37833,-101.95435,t,145,13.5,150,15,157,150,150,157,1,1
12,A110,2016,MALL,grass,grass,48.37683,-101.95468,t,144,12,150,13.5,157,150,150,157,1,1
13,A111,2016,BWTE,grass,grass,48.37621,-101.95427,t,133,10,150,10,162,150,160,160,0,1
14,A112,2016,BWTE,grass,grass,48.37445,-101.95463,t,140,10.5,150,13,177,150,171,171,0,1
15,A113,2016,MALL,grass,grass,48.37546,-101.95513,t,141,14.5,150,16,157,150,150,157,1,1
16,A114,2016,MALL,grass,grass,48.37695,-101.95539,t,132,15,150,18.5,170,150,163,163,0,1
17,A115,2016,NOPI,grass,grass,48.37618,-101.95552,t,141,13.5,150,14.5,157,150,150,157,1,1
18,A116,2016,NOPI,grass,grass,48.37554,-101.95586,t,142,12.5,150,14.5,162,150,157,162,1,1
19,A117,2016,NSHO,grass,grass,48.37701,-101.95902,t,138,12.5,150,12.5,170,150,169,169,0,1
20,A118,2016,GADW,grass,grass,48.3222,-102.15524,t,136,18,150,17.5,162,150,156,162,1,1
21,A119,2016,NOPI,grass,grass,48.50283,-102.1597,t,142,17.5,151,21.5,167,151,159,167,1,1
22,A120,2016,BWTE,grass,grass,48.50274,-102.16258,t,142,13.5,154,13.5,183,154,177,177,0,1
23,A121,2016,MALL,grass,grass,48.50235,-102.16111,t,146,20.5,154,29,167,154,159,167,1,1
24,A122,2016,GADW,grass,grass,48.50158,-102.15919,t,145,16,154,21.5,183,154,180,180,0,1
25,A123,2016,GADW,grass,grass,48.5018,-102.16024,t,142,16.5,154,21.5,174,154,167,174,1,1
26,A124,2016,GADW,grass,grass,48.50161,-102.16163,t,148,19.5,154,23.5,174,154,167,174,1,1
27,A125,2016,BWTE,grass,grass,48.50079,-102.15832,t,142,10,154,12,176,154,174,176,1,1
28,A126,2016,BWTE,grass,grass,48.49989,-102.16122,t,145,15.5,154,21,177,154,174,177,1,1
29,A127,2016,BWTE,grass,grass,48.49866,-102.15851,t,146,13.5,154,16,167,154,159,167,1,1
30,A128,2016,GADW,grass,grass,48.49876,-102.16191,t,143,16,154,27.5,177,154,179,179,0,1
31,A129,2016,BWTE,grass,grass,48.49786,-102.16251,t,147,15,154,13.5,177,154,174,177,1,1
32,A13,2016,NOPI,grass,grass,48.1576,-102.10436,t,120,10.5,129,8,155,129,149,149,0,1
33,A130,2016,LESC,grass,grass,48.49636,-102.1589,t,138,17.5,154,19,167,154,159,167,1,1
34,A131,2016,NSHO,grass,grass,48.49678,-102.15877,t,143,15,154,17.5,177,154,173,173,0,1
35,A132,2016,BWTE,grass,low.shrub,48.49741,-102.15991,t,142,10,154,17,167,154,159,167,1,1
36,A133,2016,BWTE,grass,grass,48.49729,-102.15874,t,149,8,154,17.5,159,154,154,159,1,1
37,A134,2016,AGWT,grass,grass,48.49593,-102.16192,t,142,12.5,154,23.5,177,154,177,177,0,1
38,A136,2016,BWTE,grass,grass,48.36184,-101.99191,t,142,9.5,155,11.5,178,155,175,175,0,1
39,A137,2016,MALL,grass,forb,48.32779,-102.15181,t,146,19.5,156,24.5,189,156,182,182,0,1
40,A138,2016,MALL,grass,forb,48.32761,-102.15677,t,142,21.5,156,25,179,156,177,177,0,1
41,A139,2016,NSHO,grass,forb,48.32786,-102.15779,t,139,16.5,156,17.5,179,156,173,173,0,1
42,A14,2016,NOPI,grass,grass,48.16058,-102.10317,t,124,9.5,129,7,148,129,140,148,1,1
43,A140,2016,GADW,grass,forb,48.32793,-102.15647,t,146,16.5,156,18,189,156,180,180,0,1
44,A141,2016,MALL,grass,forb,48.32851,-102.15412,t,140,18.5,156,23,179,156,173,173,0,1
45,A142,2016,GADW,grass,forb,48.32846,-102.15484,t,145,11,156,22.5,179,156,171,179,1,1
46,A143,2016,NOPI,grass,forb,48.32879,-102.15612,t,143,14.5,156,15,171,156,170,170,0,1
47,A144,2016,GADW,grass,forb,48.32882,-102.15414,t,146,13.5,156,21,171,156,162,171,1,1
48,A145,2016,MALL,grass,forb,48.32914,-102.15307,t,144,17.5,156,24.5,179,156,173,173,0,1
49,A146,2016,NOPI,grass,forb,48.32919,-102.15247,t,135,13,156,18.5,162,156,156,162,1,1
50,A147,2016,AGWT,grass,forb,48.32993,-102.15544,t,151,14,156,21.5,179,156,171,179,1,1
51,A148,2016,GADW,grass,low.shrub,48.33045,-102.1567,t,145,19,156,19,171,156,162,171,1,1
52,A149,2016,MALL,grass,low.shrub,48.33046,-102.15666,t,141,25,156,26.5,171,156,162,171,1,1
53,A15,2016,NSHO,grass,grass,48.15505,-102.10188,t,127,10.5,129,7.5,140,129,134,140,1,1
54,A150,2016,NOPI,grass,grass,48.33026,-102.15682,t,146,27,156,19.5,162,156,156,162,1,1
55,A151,2016,BWTE,grass,forb,48.3307,-102.15639,t,145,16,156,25.5,179,156,171,179,1,1
56,A152,2016,GADW,grass,forb,48.3306,-102.15035,t,146,16,156,21,179,156,171,179,1,1
57,A153,2016,GADW,grass,forb,48.33073,-102.14999,t,147,15,156,20,179,156,171,179,1,1
58,A154,2016,BWTE,grass,grass,48.32267,-102.15404,t,140,22,156,24.5,171,156,168,168,0,1
59,A155,2016,GADW,grass,grass,48.32547,-102.15389,t,144,20,156,22,179,156,177,177,0,1
60,A156,2016,MALL,grass,grass,48.38356,-101.96251,t,146,25.5,157,18.5,162,157,157,162,1,1
61,A157,2016,NOPI,grass,grass,48.38361,-101.96234,t,137,24,157,15.5,162,157,157,162,1,1
62,A158,2016,MALL,grass,grass,48.38477,-101.96136,t,148,20,157,14,162,157,157,162,1,1
63,A159,2016,GADW,grass,grass,48.38489,-101.96134,t,147,19,157,16,170,157,162,170,1,1
64,A16,2016,NOPI,grass,grass,48.15866,-102.10227,t,121,2.5,129,4.5,140,129,134,140,1,1
65,A160,2016,GADW,grass,grass,48.38636,-101.96188,t,147,19,157,20.5,184,157,177,177,0,1
66,A161,2016,GADW,grass,grass,48.38487,-101.96091,t,150,21.5,157,19,184,157,183,183,0,1
67,A162,2016,GADW,grass,grass,48.38689,-101.96095,t,148,24.7,157,26.7,176,157,170,176,1,1
68,A164,2016,MALL,grass,grass,48.38301,-101.95903,t,145,15,157,13,162,157,157,162,1,1
69,A165,2016,MALL,grass,grass,48.38505,-101.95924,t,128,18,157,15,162,157,161,161,0,1
70,A166,2016,MALL,grass,grass,48.38548,-101.95909,t,150,19.5,157,18.5,168,157,157,168,1,1
71,A167,2016,GADW,grass,grass,48.38651,-101.95981,t,145,23.5,157,20.5,162,157,157,162,1,1
72,A168,2016,GADW,grass,grass,48.38686,-101.9597,t,151,22.5,157,15.5,162,157,157,162,1,1
73,A169,2016,GADW,grass,grass,48.38688,-101.95976,t,145,29.5,157,21.5,162,157,157,162,1,1
74,A17,2016,MALL,grass,grass,48.16124,-102.10127,t,122,10.5,129,9,140,129,134,140,1,1
75,A170,2016,MALL,grass,grass,48.38562,-101.95864,t,150,17.5,157,16,162,157,157,162,1,1
76,A171,2016,BWTE,grass,grass,48.38527,-101.95867,t,144,15.5,157,15.5,184,157,177,177,0,1
77,A172,2016,MALL,grass,grass,48.38676,-101.95758,t,135,23,157,18.5,162,157,157,162,1,1
78,A173,2016,GADW,grass,grass,48.38592,-101.95755,t,147,16,157,13.5,162,157,157,162,1,1
79,A174,2016,MALL,grass,grass,48.38615,-101.95718,t,148,18,157,17,162,157,157,162,1,1
80,A175,2016,BWTE,grass,grass,48.38677,-101.95558,t,146,18,157,18.5,176,157,170,176,1,1
81,A176,2016,BWTE,grass,grass,48.38691,-101.95528,t,144,15.3,157,10.7,162,157,157,162,1,1
82,A177,2016,MALL,grass,low.shrub,48.38483,-101.95408,t,145,29,157,21.5,184,157,177,177,0,1
83,A178,2016,MALL,grass,low.shrub,48.38545,-101.95393,t,146,26.5,157,25.5,162,157,157,162,1,1
84,A179,2016,GADW,grass,grass,48.38656,-101.95391,t,144,18,157,17,176,157,170,176,1,1
85,A18,2016,MALL,grass,grass,48.37927,-101.96265,t,122,9.5,129,13,150,129,144,150,1,1
86,A180,2016,GADW,grass,grass,48.38496,-101.95388,t,147,24.5,157,31,170,157,162,170,1,1
87,A181,2016,GADW,grass,grass,48.38883,-101.96131,t,146,12.5,157,13,162,157,157,162,1,1
88,A182,2016,BWTE,grass,grass,48.3409,-102.20766,t,134,9.5,158,8,165,158,165,165,0,1
89,A183,2016,BWTE,grass,grass,48.34109,-102.21046,t,147,9,158,7,165,158,158,165,1,1
90,A184,2016,NOPI,grass,grass,48.34109,-102.21166,t,150,6.5,158,5,188,158,181,181,0,1
91,A185,2016,NSHO,grass,grass,48.34065,-102.20863,t,143,10,158,8,172,158,165,172,1,1
92,A186,2016,MALL,grass,grass,48.34032,-102.20464,t,143,11.5,158,11.5,165,158,158,165,1,1
93,A187,2016,GADW,grass,grass,48.33985,-102.21066,t,146,15.5,158,15,172,158,165,172,1,1
94,A190,2016,GADW,grass,grass,48.33849,-102.21236,t,146,14,158,14,172,158,165,172,1,1
95,A191,2016,NSHO,grass,grass,48.4874,-102.16486,t,158,13.5,159,18,183,159,176,183,1,1
96,A192,2016,GADW,grass,grass,48.48642,-102.16278,t,148,18,159,19.5,167,159,159,167,1,1
97,A193,2016,MALL,grass,grass,48.48561,-102.16197,t,146,19.5,159,24,167,159,159,167,1,1
98,A194,2016,BWTE,grass,grass,48.48518,-102.16418,t,150,12.5,159,16,183,159,176,183,1,1
99,A195,2016,BWTE,grass,grass,48.48417,-102.1584,t,158,12,159,11,167,159,159,167,1,1
100,A196,2016,MALL,grass,grass,48.48426,-102.16574,t,143,9.5,159,10,167,159,159,167,1,1
101,A197,2016,GADW,grass,grass,48.48392,-102.16224,t,150,11.5,159,9.5,190,159,184,184,0,1
102,A198,2016,BWTE,grass,grass,48.4823,-102.16042,t,148,16,159,17,167,159,159,167,1,1
103,A199,2016,BWTE,grass,grass,48.48198,-102.16573,t,153,14,159,17,174,159,167,174,1,1
104,A20,2016,NOPI,grass,grass,48.49925,-102.15871,t,121,4.5,130,4.5,145,130,137,145,1,1
105,A200,2016,BWTE,grass,grass,48.48309,-102.16669,t,147,14.5,159,20,183,159,178,178,0,1
106,A201,2016,AGWT,grass,grass,48.49429,-102.15952,t,131,12,159,13.5,167,159,164,164,0,1
107,A202,2016,NOPI,grass,low.shrub,48.49919,-102.15836,t,152,11.5,159,15.5,183,159,182,182,0,1
108,A203,2016,BWTE,grass,grass,48.25438,-101.85062,t,144,10.5,160,11,169,160,160,169,1,1
109,A205,2016,NOPI,grass,grass,48.25286,-101.8516,t,152,13,160,12.5,169,160,160,169,1,1
110,A206,2016,MALL,grass,grass,48.25018,-101.84977,t,151,18,160,16,180,160,169,180,1,1
111,A207,2016,GADW,grass,grass,48.25019,-101.8537,t,152,18.5,160,15.5,169,160,160,169,1,1
112,A208,2016,BWTE,grass,grass,48.24965,-101.85624,t,145,10.5,160,9.5,180,160,174,174,0,1
113,A209,2016,BWTE,grass,grass,48.35846,-101.98689,t,153,12,160,13.5,169,160,160,169,1,1
114,A210,2016,GADW,grass,grass,48.25801,-102.25101,t,153,18.5,161,21,192,161,186,186,0,1
115,A211,2016,GADW,grass,grass,48.25698,-102.24684,t,152,13,161,16.5,192,161,185,185,0,1
116,A212,2016,MALL,grass,grass,48.25677,-102.24931,t,149,14.5,161,17.5,170,161,161,170,1,1
117,A213,2016,MALL,grass,grass,48.25578,-102.25204,t,147,15.5,161,22.5,170,161,161,170,1,1
118,A214,2016,MALL,grass,grass,48.25561,-102.24791,t,145,15.5,161,18,170,161,161,170,1,1
119,A216,2016,BWTE,grass,grass,48.25548,-102.24784,t,147,13,161,13.5,178,161,170,178,1,1
120,A217,2016,GADW,grass,grass,48.25505,-102.25201,t,152,17,161,20.5,184,161,178,184,1,1
121,A22,2016,MALL,grass,grass,48.32318,-102.15023,t,130,11,133,17,150,133,140,150,1,1
122,A220,2016,BWTE,grass,grass,48.25846,-102.25476,t,156,8.5,161,10,170,161,161,170,1,1
123,A221,2016,MALL,grass,grass,48.25901,-102.24969,t,146,20.5,161,19,178,161,170,178,1,1
124,A222,2016,MALL,grass,grass,48.25895,-102.25076,t,151,19.5,161,20.5,184,161,184,184,0,1
125,A224,2016,GADW,grass,grass,48.25887,-102.25121,t,150,21,161,16,184,161,178,184,1,1
126,A225,2016,NSHO,grass,grass,48.25888,-102.2517,t,143,16.5,161,15,170,161,161,170,1,1
127,A226,2016,MALL,grass,grass,48.25875,-102.25227,t,149,20,161,17,170,161,161,170,1,1
128,A228,2016,LESC,grass,grass,48.25901,-102.2532,t,160,19.5,161,16.5,178,161,170,178,1,1
129,A229,2016,GADW,grass,grass,48.2593,-102.25374,t,139,17,161,15,178,161,172,172,0,1
130,A23,2016,MALL,grass,grass,48.32492,-102.14983,t,113,17.5,133,21,150,133,140,150,1,1
131,A231,2016,MALL,grass,grass,48.32353,-102.15086,t,157,22,162,19.5,178,162,171,178,1,1
132,A232,2016,GADW,grass,grass,48.25956,-102.24987,t,153,20.5,162,15.5,178,162,170,178,1,1
133,A233,2016,AMWI,grass,grass,48.25983,-102.25082,t,146,22,162,18.5,170,162,162,170,1,1
134,A234,2016,BWTE,grass,grass,48.25996,-102.25089,t,148,17,162,18,170,162,162,170,1,1
135,A235,2016,BWTE,grass,grass,48.26034,-102.25108,t,151,18,162,17,178,162,170,178,1,1
136,A236,2016,BWTE,grass,grass,48.26083,-102.25123,t,154,15.5,162,23.5,192,162,187,187,0,1
137,A237,2016,BWTE,grass,grass,48.26093,-102.2514,t,145,23,162,19.5,178,162,176,176,0,1
138,A238,2016,GADW,grass,grass,48.26094,-102.24849,t,153,20.5,162,20,184,162,182,182,0,1
139,A239,2016,GADW,grass,grass,48.38634,-101.95957,t,152,19,162,17,192,162,185,185,0,1
140,A24,2016,MALL,grass,grass,48.32636,-102.14974,t,120,14,133,16,150,133,140,150,1,1
141,A240,2016,GADW,grass,grass,48.15807,-102.10389,t,148,20.5,165,15,191,165,184,184,0,1
142,A241,2016,GADW,grass,low.shrub,48.15403,-102.10189,t,148,14,165,11.5,180,165,179,179,0,1
143,A242,2016,MALL,grass,grass,48.16127,-102.1023,t,154,16.5,165,15.5,180,165,172,180,1,1
144,A243,2016,NOPI,grass,grass,48.16185,-102.10208,t,160,17,165,17,172,165,165,172,1,1
145,A244,2016,BWTE,grass,grass,48.15998,-102.1011,t,161,13,165,13.5,191,165,183,191,1,1
146,A245,2016,AGWT,grass,grass,48.15924,-102.10056,t,161,19,165,15.5,180,165,172,180,1,1
147,A246,2016,GADW,grass,grass,48.16111,-102.10064,t,148,14,165,15,172,165,165,172,1,1
148,A247,2016,BWTE,grass,grass,48.16217,-102.10267,t,149,10.5,165,11,172,165,165,172,1,1
149,A248,2016,GADW,grass,low.shrub,48.23445,-102.54877,t,153,17,167,11,190,167,188,188,0,1
150,A249,2016,GADW,grass,low.shrub,48.23711,-102.54908,t,148,22,167,17,180,167,177,177,0,1
151,A250,2016,AGWT,grass,grass,48.23918,-102.54998,t,161,15.5,167,11.5,197,167,195,195,0,1
152,A251,2016,GADW,grass,grass,48.23759,-102.55209,t,162,17.5,167,16.5,197,167,196,196,0,1
153,A252,2016,BWTE,grass,grass,48.23523,-102.55211,t,146,18.5,167,16.5,180,167,174,174,0,1
154,A253,2016,BWTE,grass,grass,48.23505,-102.55331,t,164,10.5,167,7.5,197,167,196,196,0,1
155,A254,2016,GADW,grass,grass,48.37252,-102.25182,t,158,21,167,18.5,193,167,190,190,0,1
156,A255,2016,MALL,grass,grass,48.37266,-102.2498,t,164,22,167,20,172,167,167,172,1,1
157,A256,2016,AMWI,grass,grass,48.37202,-102.24989,t,160,14,167,11.3,180,167,172,180,1,1
158,A257,2016,LESC,grass,grass,48.37223,-102.25408,t,153,14,167,14.5,188,167,180,188,1,1
159,A258,2016,MALL,grass,low.shrub,48.36755,-102.25128,t,160,18.5,167,18,188,167,180,188,1,1
160,A259,2016,BWTE,grass,grass,48.36962,-102.24873,t,160,13.5,167,15.5,180,167,172,180,1,1
161,A26,2016,MALL,grass,grass,48.32683,-102.14975,t,127,17,133,17.5,150,133,140,150,1,1
162,A260,2016,GADW,grass,low.shrub,48.36749,-102.24881,t,153,21,167,21,180,167,172,180,1,1
163,A261,2016,NSHO,grass,grass,48.09815,102.39846,t,150,17,168,11,182,168,180,180,0,1
164,A262,2016,MALL,grass,grass,48.09909,-102.39833,t,161,24,168,27.5,174,168,168,174,1,1
165,A263,2016,MALL,grass,grass,48.0992,-102.39851,t,146,25.5,168,31.5,174,168,168,174,1,1
166,A264,2016,MALL,grass,grass,48.0959,-102.3994,t,164,23.5,168,24.5,174,168,168,174,1,1
167,A265,2016,GADW,grass,low.shrub,48.10022,-102.39804,t,158,25.5,168,20,174,168,168,174,1,1
168,A266,2016,GADW,grass,grass,48.10028,-102.39758,t,146,23,168,22.5,174,168,168,174,1,1
169,A267,2016,GADW,grass,grass,48.10242,-102.3994,t,159,13.5,168,13,182,168,174,182,1,1
170,A268,2016,NSHO,grass,grass,48.09597,-102.40112,t,139,9.5,168,8.5,182,168,175,175,0,1
171,A269,2016,GADW,grass,grass,48.09643,-102.40078,t,162,18,168,13,182,168,174,182,1,1
172,A27,2016,MALL,grass,grass,48.32691,-102.15036,t,115,10,133,13.5,150,133,140,150,1,1
173,A270,2016,GADW,grass,grass,48.10102,-102.4036,t,148,31.5,168,30,189,168,183,183,0,1
174,A271,2016,BWTE,grass,grass,48.25464,-101.85167,t,157,10,169,11.5,180,169,169,180,1,1
175,A273,2016,BWTE,grass,grass,48.09832,-102.40527,t,163,17,170,14.5,195,170,192,192,0,1
176,A274,2016,GADW,grass,grass,48.0995,-102.4075,t,162,21,170,27.5,195,170,195,195,0,1
177,A276,2016,BWTE,grass,tall.shrub,48.09711,-102.40589,t,160,26.5,170,25.5,182,170,174,182,1,1
178,A277,2016,LESC,grass,grass,48.09695,-102.40588,t,158,18.5,170,8.5,195,170,195,195,0,1
179,A278,2016,GADW,grass,grass,48.09578,-102.39874,t,147,22,170,20.5,174,170,170,174,1,1
180,A28,2016,MALL,grass,grass,48.324,-102.15096,t,129,20,133,21,171,133,165,165,0,1
181,A280,2016,LESC,grass,grass,48.32137,-102.15021,t,160,13,171,13,197,171,196,196,0,1
182,A281,2016,LESC,grass,grass,48.32152,-102.15073,t,162,16,171,11.5,193,171,192,192,0,1
183,A282,2016,LESC,grass,grass,48.32256,-102.15043,t,163,18,171,15.5,193,171,185,193,1,1
184,A283,2016,NOPI,grass,grass,48.32281,-102.15047,t,147,24.5,171,20,185,171,179,179,0,1
185,A284,2016,MALL,grass,grass,48.32336,-102.15008,t,150,21,171,20,185,171,182,182,0,1
186,A285,2016,MALL,grass,grass,48.32386,-102.15012,t,147,25,171,22.5,185,171,180,180,0,1
187,A286,2016,MALL,grass,grass,48.32441,-102.14998,t,165,21.5,171,23,185,171,178,185,1,1
188,A287,2016,AMWI,grass,grass,48.3246,-102.15034,t,160,22.5,171,22,193,171,186,186,0,1
189,A288,2016,NSHO,grass,grass,48.32464,-102.15018,t,145,17,171,14.5,178,171,175,175,0,1
190,A289,2016,AMWI,grass,grass,48.32515,-102.15029,t,160,17.5,171,19.5,193,171,185,193,1,1
191,A290,2016,MALL,grass,grass,48.32582,-102.14967,t,159,25.5,171,22,193,171,187,187,0,1
192,A291,2016,MALL,grass,grass,48.32615,-102.14979,t,159,22.5,171,20.5,193,171,186,186,0,1
193,A292,2016,AMWI,grass,grass,48.32646,-102.1497,t,161,21,171,17,193,171,193,193,0,1
194,A293,2016,GADW,grass,grass,48.32663,-102.15013,t,156,26,171,20.5,193,171,186,186,0,1
195,A294,2016,AMWI,grass,grass,48.32715,-102.1497,t,165,19.5,171,22,193,171,185,193,1,1
196,A295,2016,GADW,grass,grass,48.32499,-102.15051,t,165,22.5,171,18,204,171,198,198,0,1
197,A296,2016,GADW,grass,grass,48.32434,-102.15103,t,148,25,171,24.5,178,171,180,180,0,1
198,A297,2016,GADW,grass,grass,48.3242,-102.15607,t,155,23.5,171,24,185,171,178,185,1,1
199,A298,2016,MALL,grass,grass,48.32396,-102.1511,t,161,24,171,19.5,193,171,192,192,0,1
200,A299,2016,LESC,grass,grass,48.32386,-102.15113,t,146,24.5,171,22,185,171,178,185,1,1
201,A30,2016,NOPI,grass,grass,48.32347,-102.15118,t,127,18.5,133,21,162,133,157,157,0,1
202,A300,2016,MALL,grass,grass,48.32335,-102.15102,t,166,22,171,16.5,193,171,185,193,1,1
203,A301,2016,GADW,grass,grass,48.32275,-102.15127,t,144,21.5,171,18,178,171,178,178,0,1
204,A302,2016,MALL,grass,grass,48.32139,-102.15128,t,153,18,171,18.5,186,171,184,184,0,1
205,A303,2016,MALL,grass,grass,48.321,-102.15105,t,161,21,171,13.5,193,171,185,193,1,1
206,A304,2016,GADW,grass,grass,48.32102,-102.15092,t,151,23.5,171,23.5,185,171,183,183,0,1
207,A305,2016,AMWI,grass,grass,48.31994,-102.15077,t,163,12.5,171,16,197,171,197,197,0,1
208,A306,2016,AMWI,grass,grass,48.32015,-102.15154,t,160,17.5,171,14,193,171,188,188,0,1
209,A307,2016,MALL,grass,grass,48.32222,-102.15175,t,160,19.5,171,15.5,193,171,192,192,0,1
210,A308,2016,GADW,grass,grass,48.32423,-102.15132,t,160,23,171,20,193,171,187,187,0,1
211,A309,2016,MALL,grass,grass,48.32454,-102.15133,t,152,25.5,171,21,178,171,171,178,1,1
212,A31,2016,MALL,grass,grass,48.32263,-102.15105,t,127,13.5,133,19,162,133,160,160,0,1
213,A310,2016,MALL,grass,grass,48.32513,-102.15123,t,159,20.5,171,17,193,171,185,193,1,1
214,A311,2016,AMWI,grass,grass,48.32637,-102.15112,t,162,25,171,16,204,171,198,198,0,1
215,A312,2016,GADW,grass,grass,48.32671,-102.15115,t,158,19.5,171,20,193,171,187,187,0,1
216,A313,2016,BWTE,grass,grass,48.32675,-102.15141,t,164,17.5,171,15.5,193,171,186,193,1,1
217,A314,2016,GADW,grass,grass,48.32697,-102.15121,t,157,19.5,171,16,193,171,187,187,0,1
218,A317,2016,LESC,grass,grass,48.32205,-102.15208,t,163,16.5,171,10.5,193,171,186,193,1,1
219,A318,2016,MALL,grass,grass,48.32112,-102.15223,t,157,23.5,171,26.5,186,171,178,186,1,1
220,A319,2016,GADW,grass,grass,48.32151,-102.15269,t,144,23,171,24,178,171,178,178,0,1
221,A32,2016,MALL,grass,grass,48.32636,-102.15215,t,128,12.5,133,20,162,133,162,162,0,1
222,A320,2016,NOPI,grass,grass,48.32215,-102.15281,t,150,20.5,171,17,186,171,179,179,0,1
223,A321,2016,GADW,grass,grass,48.32299,-102.15266,t,151,21,171,18.5,186,171,185,185,0,1
224,A322,2016,MALL,grass,grass,48.32393,-102.15265,t,138,21.5,171,22,178,171,178,178,0,1
225,A323,2016,MALL,grass,grass,48.32142,-102.15314,t,144,22.5,172,20.5,178,172,177,177,0,1
226,A324,2016,AMWI,grass,grass,48.32302,-102.1527,t,160,21.5,172,17,193,172,190,190,0,1
227,A325,2016,GADW,grass,grass,48.32432,-102.15279,t,155,21.5,172,17.5,186,172,183,183,0,1
228,A326,2016,AMWI,grass,grass,48.32598,-102.15282,t,151,22,172,20,186,172,184,184,0,1
229,A327,2016,MALL,grass,grass,48.32611,-102.15249,t,147,19.5,172,19,178,172,172,178,1,1
230,A328,2016,MALL,grass,grass,48.32614,-102.15263,t,167,21.5,172,18.5,197,172,193,197,1,1
231,A329,2016,AMWI,grass,grass,48.32693,-102.15361,t,157,16.5,172,13.5,193,172,187,187,0,1
232,A33,2016,MALL,grass,grass,48.321,-102.15244,t,128,17.5,133,19,150,133,140,150,1,1
233,A330,2016,GADW,grass,grass,48.32502,-102.15331,t,161,21.5,171,16.5,193,171,193,193,0,1
234,A332,2016,GADW,grass,grass,48.32443,-102.15367,t,159,20,172,20.5,179,172,172,179,1,1
235,A333,2016,GADW,grass,grass,48.32439,-102.15365,t,160,19.5,172,22.5,179,172,172,179,1,1
236,A334,2016,GADW,grass,grass,48.32155,-102.15354,t,163,21,172,18,186,172,178,186,1,1
237,A335,2016,AMWI,grass,grass,48.32129,-102.1539,t,162,27.5,172,21,197,172,194,194,0,1
238,A336,2016,GADW,grass,grass,48.32091,-102.15329,t,151,21.5,171,15,193,171,187,187,0,1
239,A337,2016,LESC,grass,grass,48.32095,-102.1534,t,153,18,172,15,186,172,178,186,1,1
240,A339,2016,GADW,grass,grass,48.32383,-102.15388,t,152,19,172,15.5,179,172,178,178,0,1
241,A340,2016,GADW,grass,grass,48.32407,-102.15429,t,155,23,172,16,186,172,185,185,0,1
242,A341,2016,MALL,grass,grass,48.32468,-102.15391,t,150,22,172,21.5,186,172,181,181,0,1
243,A342,2016,GADW,grass,grass,48.32555,-102.15404,t,161,21.5,172,17.5,197,172,194,194,0,1
244,A343,2016,GADW,grass,grass,48.326,-102.15404,t,160,27,172,24,197,172,194,194,0,1
245,A344,2016,AMWI,grass,grass,48.32665,-102.15367,t,156,23.5,172,19.5,193,172,190,190,0,1
246,A345,2016,MALL,grass,grass,48.32615,-102.15472,t,155,30,172,23,193,172,187,187,0,1
247,A346,2016,LESC,grass,grass,48.32618,-102.15432,t,161,22,172,17,204,172,198,198,0,1
248,A347,2016,GADW,grass,grass,48.32581,-102.15462,t,152,17.5,172,17.5,186,172,186,186,0,1
249,A348,2016,GADW,grass,grass,48.32562,-102.15472,t,162,26,172,17.5,197,172,194,194,0,1
250,A349,2016,AMWI,grass,grass,48.3245,-102.15466,t,157,21.5,172,16.5,186,172,179,186,1,1
251,A350,2016,GADW,grass,grass,48.3245,-102.15467,t,148,18.5,172,15.5,186,172,179,186,1,1
252,A351,2016,GADW,grass,grass,48.32381,-102.15457,t,161,22.5,172,19.5,179,172,172,179,1,1
253,A352,2016,MALL,grass,grass,48.32155,-102.15483,t,143,22.5,172,20.5,186,172,180,180,0,1
254,A353,2016,GADW,grass,grass,48.32077,-102.15511,t,162,18,172,16.5,186,172,179,186,1,1
255,A354,2016,GADW,grass,grass,48.32343,-102.15521,t,144,25.5,172,25,179,172,179,179,0,1
256,A355,2016,GADW,grass,grass,48.3246,-102.15554,t,158,24,172,16.5,193,172,190,190,0,1
257,A356,2016,GADW,grass,grass,48.3246,-102.15557,t,159,25,172,18,193,172,192,192,0,1
258,A357,2016,GADW,grass,grass,48.3252,-102.15571,t,159,23,172,22,193,172,192,192,0,1
259,A358,2016,GADW,grass,grass,48.32533,-102.15546,t,143,22.5,172,17,186,172,180,180,0,1
260,A359,2016,GADW,grass,grass,48.32594,-102.15506,t,160,20.5,172,19,197,172,194,194,0,1
261,A36,2016,MALL,grass,grass,48.32426,-102.15262,t,118,14.5,133,15.5,150,133,140,150,1,1
262,A360,2016,GADW,grass,grass,48.32508,-102.15628,t,148,19,172,18,186,172,182,182,0,1
263,A361,2016,GADW,grass,grass,48.32241,-102.15614,t,161,21,172,16.5,186,172,179,186,1,1
264,A362,2016,MALL,grass,grass,47.87738,-101.59165,t,170,8,173,6.5,182,173,173,182,1,1
265,A364,2016,BWTE,grass,grass,47.87817,-101.58543,t,144,9,173,9,182,173,176,176,0,1
266,A365,2016,BWTE,grass,grass,47.87914,-101.58675,t,164,10.5,173,9.5,200,173,197,197,0,1
267,A366,2016,NSHO,grass,grass,47.87981,-101.5851,t,146,11,173,9.5,182,173,177,177,0,1
268,A367,2016,BWTE,grass,grass,47.87981,-101.58916,t,169,7.5,173,8,191,173,182,191,1,1
269,A368,2016,BWTE,grass,grass,47.88081,-101.58981,t,155,10.5,173,5.5,191,173,182,191,1,1
270,A369,2016,BWTE,grass,grass,47.88074,-101.59293,t,163,10,173,8,191,173,182,191,1,1
271,A370,2016,BWTE,grass,grass,47.8825,-101.59176,t,170,6,173,5,182,173,173,182,1,1
272,A371,2016,BWTE,grass,grass,47.88257,-101.58703,t,158,9,173,6.5,191,173,188,188,0,1
273,A372,2016,BWTE,grass,grass,47.88361,-101.59071,t,161,8.5,173,8,191,173,182,191,1,1
274,A373,2016,BWTE,grass,grass,47.88336,-101.59069,t,144,9.5,173,7,182,173,177,177,0,1
275,A374,2016,AMWI,grass,grass,47.88367,-101.59172,t,153,10.5,173,10.5,191,173,185,185,0,1
276,A375,2016,BWTE,grass,grass,47.88489,-101.59064,t,167,7.5,173,5.5,191,173,182,191,1,1
277,A376,2016,BWTE,grass,low.shrub,47.88593,-101.58975,t,166,12.5,173,6.5,182,173,173,182,1,1
278,A377,2016,BWTE,grass,grass,47.88422,-101.59425,t,160,11.5,173,8.5,182,173,173,182,1,1
279,A378,2016,GADW,grass,grass,48.32157,-102.15647,t,168,20,172,17,186,172,179,186,1,1
280,A379,2016,GADW,grass,grass,48.32461,-102.15681,t,142,24.5,174,21.5,181,174,175,175,0,1
281,A38,2016,MALL,grass,grass,48.32669,-102.15275,t,123,13.5,133,16,150,133,140,150,1,1
282,A380,2016,GADW,grass,grass,48.32552,-102.15672,t,157,17.5,174,20.5,189,174,188,188,0,1
283,A381,2016,GADW,grass,grass,48.32661,-102.15681,t,156,13,174,13.5,189,174,188,188,0,1
284,A382,2016,MALL,grass,grass,48.32626,-102.15766,t,150,18,174,18.5,181,174,178,178,0,1
285,A383,2016,GADW,grass,grass,48.32619,-102.15735,t,145,22,174,17.5,189,174,182,182,0,1
286,A384,2016,GADW,grass,grass,48.32576,-102.15716,t,166,23.5,174,16,195,174,189,195,1,1
287,A385,2016,GADW,grass,grass,48.32482,-102.15744,t,162,22,174,15.5,195,174,192,192,0,1
288,A386,2016,GADW,grass,grass,48.32486,-102.15743,t,160,21,174,18.5,195,174,190,190,0,1
289,A387,2016,MALL,grass,grass,48.32369,-102.15728,t,149,22,174,25,181,174,178,178,0,1
290,A388,2016,MALL,grass,grass,48.32351,-102.15721,t,162,21,174,11.5,195,174,194,194,0,1
291,A389,2016,GADW,grass,grass,48.32335,-102.15738,t,149,20.5,174,19.5,181,174,181,181,0,1
292,A39,2016,MALL,grass,grass,48.32675,-102.15263,t,121,13.5,133,19,150,133,140,150,1,1
293,A390,2016,GADW,grass,grass,48.32081,-102.15787,t,143,20,174,17.5,181,174,176,176,0,1
294,A391,2016,AMWI,grass,grass,48.32166,-102.15795,t,147,19,174,13.5,181,174,174,181,1,1
295,A392,2016,AMWI,grass,grass,48.32209,-102.15807,t,159,20.5,174,19.5,189,174,187,187,0,1
296,A393,2016,MALL,grass,grass,48.32375,-102.15784,t,160,30,174,20.5,189,174,181,189,1,1
297,A394,2016,MALL,grass,grass,48.32398,-102.15796,t,153,21.5,174,22.5,189,174,185,185,0,1
298,A395,2016,MALL,grass,grass,48.32459,-102.15831,t,146,23.5,174,19.5,181,174,177,177,0,1
299,A396,2016,GADW,grass,grass,48.32464,-102.15802,t,143,21,174,21,189,174,182,182,0,1
300,A397,2016,MALL,grass,grass,48.32658,-102.15845,t,148,26,174,22.5,189,174,184,184,0,1
301,A398,2016,MALL,grass,grass,48.32691,-102.15888,t,147,26,174,20,189,174,184,184,0,1
302,A399,2016,GADW,grass,grass,48.32673,-102.15882,t,147,21,174,20,181,174,180,180,0,1
303,A400,2016,LESC,grass,grass,48.32592,-102.15881,t,164,21.5,174,23.5,189,174,181,189,1,1
304,A401,2016,LESC,grass,grass,48.32605,-102.15858,t,156,21.5,174,18,195,174,192,192,0,1
305,A402,2016,MALL,grass,grass,48.32343,-102.15833,t,166,23.5,174,18.5,195,174,189,195,1,1
306,A403,2016,MALL,grass,grass,48.3226,-102.15844,t,159,21.5,174,20.5,181,174,174,181,1,1
307,A404,2016,GADW,grass,grass,48.32156,-102.1592,t,166,21.5,174,22,204,174,198,198,0,1
308,A405,2016,BWTE,grass,grass,48.32257,-102.15916,t,142,18,174,13.5,181,174,176,176,0,1
309,A406,2016,GADW,grass,grass,48.32323,-102.15943,t,162,22,174,20.5,189,174,181,189,1,1
310,A407,2016,BWTE,grass,grass,48.32503,-102.15958,t,145,21.5,174,16,189,174,182,182,0,1
311,A408,2016,NOPI,grass,grass,48.32527,-102.1601,t,158,20,174,20.7,181,174,174,181,1,1
312,A409,2016,BWTE,grass,grass,48.32463,-102.15997,t,148,15,174,11.3,181,174,174,181,1,1
313,A41,2016,MALL,grass,grass,48.32352,-102.15342,t,133,10,134,13.5,156,134,150,156,1,1
314,A410,2016,GADW,grass,grass,48.32461,-102.15982,t,168,20.5,174,15,204,174,198,198,0,1
315,A411,2016,BWTE,grass,grass,48.32019,-102.15948,t,147,11,174,11,189,174,182,182,0,1
316,A412,2016,GADW,grass,grass,48.50282,-102.16193,t,170,14.5,176,8.5,190,176,183,190,1,1
317,A413,2016,GADW,grass,grass,48.50266,-102.16273,t,147,36,176,22,190,176,184,184,0,1
318,A414,2016,GADW,grass,grass,48.5022,-102.16102,t,169,28,176,25.5,190,176,183,190,1,1
319,A415,2016,GADW,grass,grass,48.50203,-102.15965,t,162,24.5,176,24,190,176,183,190,1,1
320,A416,2016,AMWI,grass,grass,48.48746,-102.16353,t,169,17.5,176,12.5,183,176,176,183,1,1
321,A417,2016,GADW,grass,grass,48.48661,-102.16402,t,169,19.5,176,24,183,176,176,183,1,1
322,A418,2016,AGWT,grass,grass,48.48558,-102.16378,t,160,22,176,13,190,176,189,189,0,1
323,A419,2016,BWTE,grass,grass,48.48465,-102.16832,t,167,18,176,18,183,176,176,183,1,1
324,A42,2016,MALL,grass,grass,48.32489,-102.15382,t,129,12,134,16,162,134,162,162,0,1
325,A420,2016,GADW,grass,grass,48.48232,-102.1583,t,164,10,176,8.5,196,176,195,195,0,1
326,A421,2016,BWTE,grass,grass,48.48214,-102.16035,t,161,22,176,20.5,183,176,176,183,1,1
327,A422,2016,BWTE,grass,grass,48.48235,-102.16284,t,147,15,176,19,183,176,178,178,0,1
328,A423,2016,MALL,grass,grass,48.49985,-102.16082,t,171,21.5,177,23.5,183,177,177,183,1,1
329,A424,2016,BWTE,grass,grass,48.49989,-102.16177,t,166,16.5,177,14.5,196,177,197,197,0,1
330,A425,2016,BWTE,grass,grass,48.49873,-102.15885,t,172,14.5,177,14,190,177,183,190,1,1
331,A426,2016,GADW,grass,grass,48.49752,-102.15865,t,159,14.5,177,14.5,196,177,191,191,0,1
332,A428,2016,LESC,grass,grass,48.49612,-102.1588,t,166,19,177,18.5,190,177,183,190,1,1
333,A429,2016,GADW,grass,grass,48.49642,-102.16086,t,153,18.5,177,22,183,177,177,183,1,1
334,A430,2016,GADW,grass,grass,48.49495,-102.15978,t,149,17,177,15.5,190,177,184,184,0,1
335,A431,2016,NSHO,grass,grass,48.49525,-102.16093,t,165,14,177,14,200,177,197,197,0,1
336,A432,2016,AMWI,grass,grass,48.49565,-102.15833,t,148,21,177,19.5,190,177,183,190,1,1
337,A433,2016,MALL,grass,grass,48.49418,-102.1587,t,170,21.5,177,25,196,177,195,195,0,1
338,A434,2016,BWTE,grass,grass,48.35844,-102.98677,t,168,11.5,178,13.5,201,178,198,198,0,1
339,A435,2016,GADW,grass,grass,48.3669,-101.99049,t,170,11,178,15.5,186,178,178,186,1,1
340,A436,2016,LESC,grass,grass,48.36489,-101.99931,t,164,19.5,178,19.5,186,178,178,186,1,1
341,A437,2016,BWTE,grass,grass,48.36667,-101.99876,t,172,13.5,178,16.5,201,178,192,201,1,1
342,A438,2016,LESC,grass,grass,48.36343,-101.99698,t,164,10.5,178,14.5,201,178,195,195,0,1
343,A44,2016,MALL,grass,grass,48.32218,-102.15517,t,117,11.5,134,18.5,150,134,140,150,1,1
344,A440,2016,LESC,grass,grass,48.36057,-101.99759,t,163,16.5,178,16.5,201,178,196,196,0,1
345,A441,2016,BWTE,grass,grass,48.36032,-101.99704,t,168,12,178,14,201,178,198,198,0,1
346,A442,2016,LESC,grass,grass,48.36099,-101.99353,t,168,16.5,178,15.5,201,178,192,201,1,1
347,A443,2016,GADW,grass,grass,48.36463,-101.99169,t,164,15,178,17,186,178,178,186,1,1
348,A444,2016,MALL,grass,low.shrub,48.36562,-101.99266,t,156,15,178,13.5,192,178,186,192,1,1
349,A445,2016,GADW,grass,low.shrub,48.3662,-101.9928,t,164,17,178,12.5,186,178,178,186,1,1
350,A446,2016,LESC,grass,low.shrub,48.36629,-101.99291,t,165,16,178,17.5,201,178,199,199,0,1
351,A447,2016,AMWI,grass,low.shrub,48.36632,-101.99255,t,166,16.5,178,11,201,178,199,199,0,1
352,A448,2016,GADW,grass,low.shrub,48.36428,-101.99345,t,171,13,178,14,201,178,192,201,1,1
353,A449,2016,LESC,grass,grass,48.36446,-101.99293,t,165,10,178,8.5,192,178,186,192,1,1
354,A45,2016,MALL,grass,grass,48.32676,-102.1552,t,121,16,134,20,156,134,155,155,0,1
355,A450,2016,MALL,grass,grass,48.36526,-101.99445,t,170,19,178,18,192,178,186,192,1,1
356,A452,2016,BWTE,grass,grass,48.36142,-101.9892,t,162,17,178,12,201,178,193,193,0,1
357,A453,2016,GADW,grass,grass,48.36684,-101.9884,t,153,13,178,13,186,178,184,184,0,1
358,A454,2016,MALL,grass,low.shrub,48.36643,-101.98982,t,169,14.5,178,17,201,178,192,201,1,1
359,A455,2016,GADW,grass,grass,48.36287,-101.98999,t,167,18,178,17,186,178,178,186,1,1
360,A456,2016,GADW,grass,grass,48.32582,-102.15218,t,146,20.5,178,22,186,178,181,181,0,1
361,A457,2016,MALL,grass,grass,48.32821,-102.15004,t,169,29,179,23.5,189,179,179,189,1,1
362,A458,2016,GADW,grass,grass,48.32782,-102.15077,t,152,20,179,19,189,179,184,184,0,1
363,A459,2016,GADW,grass,grass,48.32766,-102.15503,t,151,23,179,22,189,179,185,185,0,1
364,A46,2016,MALL,grass,grass,48.32195,-102.15643,t,126,10.5,134,17.5,162,134,160,160,0,1
365,A460,2016,GADW,grass,grass,48.32787,-102.15521,t,172,27.5,179,23.5,207,179,204,204,0,1
366,A461,2016,AMWI,grass,grass,48.32764,-102.15601,t,171,21.5,179,16,207,179,202,202,0,1
367,A462,2016,AMWI,grass,grass,48.3278,-102.1562,t,165,20,179,19.5,189,179,179,189,1,1
368,A463,2016,GADW,grass,grass,48.32777,-102.1578,t,163,19,179,15.5,189,179,179,189,1,1
369,A464,2016,GADW,grass,grass,48.32833,-102.15115,t,171,13.5,179,13.5,200,179,193,200,1,1
370,A465,2016,NSHO,grass,grass,48.32858,-102.15331,t,149,24,179,25,189,179,180,180,0,1
371,A466,2016,GADW,grass,grass,48.32151,-102.15496,t,173,27.5,179,20.5,193,179,186,193,1,1
372,A468,2016,GADW,grass,grass,48.32952,-102.15497,t,165,19,180,20,190,180,180,190,1,1
373,A469,2016,AMWI,grass,grass,48.32921,-102.15638,t,159,17.5,180,17.5,193,180,193,193,0,1
374,A470,2016,GADW,grass,grass,48.32974,-102.15498,t,152,17.5,180,16.5,190,180,187,187,0,1
375,A471,2016,GADW,grass,grass,48.32968,-102.1546,t,161,19,180,15.5,190,180,180,190,1,1
376,A472,2016,GADW,grass,grass,48.32982,-102.15215,t,161,18,180,16,190,180,180,190,1,1
377,A473,2016,GADW,grass,grass,48.3303,-102.15401,t,159,22.5,180,21.5,190,180,180,190,1,1
378,A474,2016,LESC,grass,grass,48.3304,-102.15496,t,154,20,180,18.5,190,180,180,190,1,1
379,A475,2016,GADW,grass,grass,48.33089,-102.14957,t,168,21.5,180,19.5,200,180,199,199,0,1
380,A477,2016,BWTE,grass,grass,48.34125,-102.20992,t,171,6.5,180,6,188,180,180,188,1,1
381,A478,2016,NOPI,grass,grass,48.34085,-102.21205,t,154,7.5,180,6,188,180,181,181,0,1
382,A479,2016,NSHO,grass,grass,48.34,-102.21299,t,166,6,180,6,188,180,180,188,1,1
383,A48,2016,MALL,grass,grass,48.32677,-102.15741,t,120,8.5,134,10.5,150,134,140,150,1,1
384,A480,2016,GADW,grass,grass,48.33982,-102.20401,t,156,11.5,180,10,193,180,189,189,0,1
385,A481,2016,GADW,grass,grass,48.33905,-102.20843,t,162,13,180,11.5,200,180,194,194,0,1
386,A483,2016,LESC,grass,grass,48.37274,-101.96152,t,168,17.5,181,15.5,207,181,204,204,0,1
387,A484,2016,MALL,grass,grass,48.37762,-101.96136,t,176,14,181,14.5,189,181,181,189,1,1
388,A485,2016,LESC,grass,grass,48.37279,-101.96108,t,169,14,181,11.5,196,181,189,196,1,1
389,A486,2016,BWTE,grass,grass,48.37522,-101.95998,t,176,11,181,9.5,189,181,181,189,1,1
390,A487,2016,NSHO,grass,grass,48.37848,-101.9537,t,166,16,181,14,189,181,181,189,1,1
391,A488,2016,GADW,grass,grass,48.37946,-101.95219,t,170,16.5,181,13.5,189,181,181,189,1,1
392,A489,2016,LESC,grass,grass,48.37755,-101.95277,t,170,10.5,181,10,189,181,181,189,1,1
393,A490,2016,BWTE,grass,grass,48.37733,-101.95297,t,169,14,181,11.5,189,181,181,189,1,1
394,A491,2016,BWTE,grass,grass,48.37659,-101.95291,t,167,13.5,181,13,200,181,197,197,0,1
395,A492,2016,NSHO,grass,grass,48.37632,-101.95226,t,166,9.5,181,9.5,189,181,181,189,1,1
396,A493,2016,GADW,grass,grass,48.3779,-101.95422,t,170,20.5,181,18,189,181,181,189,1,1
397,A494,2016,LESC,grass,grass,48.37774,-101.95428,t,176,16.5,181,12,200,181,196,200,1,1
398,A495,2016,LESC,grass,grass,48.37573,-101.95388,t,163,17.5,181,16,196,181,189,196,1,1
399,A496,2016,LESC,grass,grass,48.37645,-101.95486,t,165,14,181,13,189,181,181,189,1,1
400,A497,2016,MALL,grass,grass,48.37861,-101.95471,t,176,16,181,11.5,196,181,189,196,1,1
401,A498,2016,GADW,grass,grass,48.37468,-101.9556,t,175,15,181,15,207,181,200,207,1,1
402,A499,2016,BWTE,grass,grass,48.377,-101.95706,t,163,12,181,12,200,181,197,197,0,1
403,A500,2016,GADW,grass,grass,48.32378,-102.15779,t,169,21.5,181,18.5,195,181,189,195,1,1
404,A501,2016,LESC,grass,grass,48.322,-102.15977,t,163,25,181,20.5,195,181,190,190,0,1
405,A502,2016,LESC,grass,grass,48.09619,-102.39888,t,170,15,182,19.5,195,182,189,195,1,1
406,A503,2016,GADW,grass,grass,48.10227,-102.40132,t,175,14,182,11.5,195,182,189,195,1,1
407,A504,2016,GADW,grass,grass,48.10109,-102.40393,t,176,19.5,182,18.5,195,182,189,195,1,1
408,A505,2016,BWTE,grass,low.shrub,48.10084,-102.40449,t,157,23,182,19.5,195,182,191,191,0,1
409,A506,2016,GADW,grass,tall.shrub,48.10011,-102.40421,t,151,31.5,182,29,189,182,185,185,0,1
410,A507,2016,NSHO,grass,grass,48.10055,-102.40585,t,156,13,182,12.5,189,182,188,188,0,1
411,A508,2016,GADW,grass,grass,48.09776,-102.40117,t,168,11,182,12,189,182,182,189,1,1
412,A509,2016,BWTE,grass,grass,48.1596,-102.10271,t,169,7.5,183,6.5,204,183,198,198,0,1
413,A510,2016,AMWI,grass,grass,48.1591,-102.10218,t,167,14.5,183,12.5,191,183,183,191,1,1
414,A511,2016,GADW,grass,grass,48.23424,-102.55215,t,177,16.5,184,14.5,190,184,184,190,1,1
415,A512,2016,LESC,grass,grass,48.32095,-102.15057,t,175,19.5,185,12.5,193,185,185,193,1,1
416,A513,2016,MALL,grass,grass,48.32472,-102.1507,t,169,24.5,185,21.5,204,185,200,200,0,1
417,A514,2016,AMWI,grass,grass,48.32265,-102.15088,t,156,19,185,17,193,185,189,189,0,1
418,A515,2016,NSHO,grass,grass,48.32024,-102.15123,t,158,16,186,14.5,193,186,190,190,0,1
419,A516,2016,AMWI,grass,grass,48.32291,-102.15132,t,177,17.5,186,12.5,204,186,197,204,1,1
420,A517,2016,MALL,grass,grass,48.32433,-102.1521,t,170,24.5,186,16.5,204,186,203,203,0,1
421,A518,2016,LESC,grass,grass,48.32251,-102.15201,t,167,15,186,11.5,193,186,186,193,1,1
422,A519,2016,MALL,grass,grass,48.15816,-102.13262,t,159,8,188,11.5,194,188,191,191,0,1
423,A521,2016,GADW,grass,grass,48.32239,-102.15466,t,173,18.5,189,11,204,189,201,201,0,1
424,A522,2016,LESC,grass,grass,48.32455,-102.15815,t,166,21.5,189,18.5,204,189,200,200,0,1
425,A523,2016,GADW,grass,grass,48.48523,-102.16312,t,173,22,190,23.5,196,190,190,196,1,1
426,A524,2016,BWTE,grass,grass,48.4866,-102.16152,t,178,15.5,190,14.3,207,190,200,207,1,1
427,A525,2016,GADW,grass,grass,47.87807,-101.58618,t,165,10,191,9,196,191,196,196,0,1
428,A526,2016,LESC,grass,low.shrub,48.36533,-101.98719,t,181,11.5,192,11.5,201,192,192,201,1,1
429,A528,2016,GADW,grass,grass,48.36375,-101.99557,t,178,16.5,192,16.5,213,192,210,210,0,1
430,A529,2016,MALL,grass,grass,48.36209,-101.99741,t,167,12.5,192,15,201,192,198,198,0,1
431,A53,2016,BWTE,grass,grass,47.88466,-101.59114,t,133,10,139,11,148,139,139,148,1,1
432,A530,2016,AMWI,grass,grass,48.33968,-102.21057,t,178,11.5,193,13,200,193,193,200,1,1
433,A531,2016,LESC,grass,grass,48.37151,-102.25235,t,181,15,193,12.5,197,193,193,197,1,1
434,A532,2016,GADW,grass,low.shrub,48.36867,-102.25576,t,165,15.5,193,17.5,197,193,195,195,0,1
435,A535,2016,LESC,grass,grass,48.37594,-101.95545,t,185,10.5,196,10.5,200,196,196,200,1,1
436,A55,2016,BWTE,grass,grass,47.87822,-101.58426,t,132,8.5,139,9.5,155,139,148,155,1,1
437,A57,2016,NOPI,grass,grass,47.8813,-101.5909,t,133,6,139,6.5,170,139,165,165,0,1
438,A59,2016,BWTE,grass,grass,47.88247,-101.59348,t,132,9,139,13,148,139,139,148,1,1
439,A60,2016,NOPI,grass,grass,47.88367,-101.58327,t,129,9,139,11.5,160,139,155,160,1,1
440,A61,2016,BWTE,grass,grass,47.89094,-101.58876,t,130,6.5,140,7,148,140,140,148,1,1
441,A63,2016,BWTE,grass,grass,47.88834,-101.58696,t,132,5,140,5,155,140,148,155,1,1
442,A64,2016,BWTE,grass,grass,47.88536,-101.58762,t,132,5.5,140,10,170,140,165,165,0,1
443,A65,2016,BWTE,grass,grass,47.88531,-101.58871,t,130,5.5,140,6.5,155,140,155,155,1,1
444,A66,2016,GADW,grass,grass,47.88604,-101.59325,t,128,5,140,5.5,148,140,148,148,1,1
445,A67,2016,NSHO,grass,grass,48.26693,-101.85192,t,134,11.5,141,9.5,155,141,148,155,1,1
446,A69,2016,NOPI,grass,grass,48.26564,-101.84867,t,125,11,141,12.5,148,141,141,148,1,1
447,A7,2016,MALL,grass,grass,48.38631,-101.95869,t,118,20,126,15,139,126,133,139,1,1
448,A70,2016,NSHO,grass,grass,48.39023,-101.96076,t,135,10.5,142,14,157,142,150,157,1,1
449,A71,2016,MALL,grass,grass,48.39011,-101.96119,t,133,11.5,142,14.5,157,142,150,157,1,1
450,A72,2016,MALL,grass,grass,48.3886,-101.96035,t,141,7.5,142,13,176,142,173,173,0,1
451,A74,2016,BWTE,grass,grass,48.38749,-101.95714,t,130,12.7,142,14,162,142,160,160,0,1
452,A75,2016,MALL,grass,grass,48.39289,-101.95985,t,132,10,142,19.5,157,142,150,157,1,1
453,A76,2016,MALL,grass,grass,48.38906,-101.9622,t,130,10.5,142,18.5,170,142,163,163,0,1
454,A77,2016,BWTE,grass,grass,48.36598,-101.98861,t,136,8,144,6,155,144,144,155,1,1
455,A78,2016,MALL,grass,grass,48.36684,-101.98889,t,129,15.5,144,8.5,155,144,144,155,1,1
456,A80,2016,BWTE,grass,grass,48.36423,-101.9905,t,132,11,144,11,169,144,165,165,0,1
457,A81,2016,MALL,grass,grass,48.36476,-101.991,t,140,15,144,10,155,144,144,155,1,1
458,A82,2016,BWTE,grass,low.shrub,48.36631,-101.99342,t,138,15.5,144,10.5,178,144,171,171,0,1
459,A83,2016,BWTE,grass,low.shrub,48.3662,-101.99313,t,138,12.5,144,7,169,144,160,169,1,1
460,A84,2016,BWTE,grass,low.shrub,48.36639,-101.99511,t,137,12,144,10.5,169,144,160,169,1,1
461,A85,2016,BWTE,grass,grass,48.3633,-101.99855,t,136,13.5,144,10,155,144,144,155,1,1
462,A86,2016,NOPI,grass,grass,48.36244,-101.99761,t,118,11.5,144,9.5,155,144,148,148,0,1
463,A87,2016,BWTE,grass,grass,48.3599,-101.99536,t,133,11,144,8.5,169,144,165,165,0,1
464,A88,2016,NSHO,grass,grass,48.36114,-101.99283,t,132,9.5,144,10,169,144,163,163,0,1
465,A89,2016,MALL,grass,grass,48.36193,-101.99154,t,130,8.5,144,8,169,144,164,164,0,1
466,A9,2016,NOPI,grass,grass,48.38307,-101.95428,t,116,17,126,12.5,139,126,133,139,1,1
467,A90,2016,BWTE,grass,low.shrub,48.36109,-101.99068,t,127,19,144,15.5,160,144,155,160,1,1
468,A91,2016,BWTE,grass,grass,48.36052,-101.99115,t,136,8.5,144,9.5,178,144,170,170,0,1
469,A92,2016,NOPI,grass,grass,48.3614,-101.98946,t,117,13.5,144,14.5,155,144,147,147,0,1
470,A94,2016,NOPI,grass,grass,48.15826,-102.13372,t,139,7,145,9,155,145,145,155,1,1
471,A95,2016,MALL,grass,low.shrub,48.15873,-102.13363,t,135,7,145,7.5,155,145,145,155,1,1
472,A96,2016,MALL,grass,low.shrub,48.15485,-102.12848,t,136,14.5,145,16.5,155,145,145,155,1,1
473,A99,2016,GADW,grass,grass,48.37884,-101.96185,t,142,16,150,15,177,150,177,177,0,1
474,L1,2016,MALL,grass,low.shrub,48.63165,-102.41677,t,111,9.5,121,9.5,133,121,126,133,1,1
475,L10,2016,MALL,hay,grass,48.72088,-102.8007,t,127,6.8,129,6.3,142,129,135,142,1,1
476,L100,2016,BWTE,grass,grass,48.49847,-102.396,t,133,10.3,145,16,160,145,153,160,1,1
477,L101,2016,BWTE,grass,grass,48.49643,-102.39611,t,135,11.3,145,18,153,145,145,153,1,1
478,L102,2016,BWTE,grass,grass,48.64395,-102.56081,t,140,8.5,148,8.5,166,148,159,166,1,1
479,L103,2016,BWTE,grass,grass,48.45902,-102.39809,t,132,6.5,150,8.8,172,150,166,166,0,1
480,L104,2016,BWTE,grass,grass,48.459,-102.39777,t,141,14,150,10.8,158,150,150,158,1,1
481,L105,2016,MALL,grass,grass,48.45913,-102.39066,t,125,23.5,150,23,165,150,159,159,0,1
482,L106,2016,GADW,grass,grass,48.45904,-102.3906,t,141,16.5,150,11,172,150,165,172,1,1
483,L107,2016,MALL,grass,grass,48.45908,-102.38894,t,144,19.5,150,21.3,178,150,178,178,0,1
484,L108,2016,MALL,grass,grass,48.4589,-102.38848,t,143,19.5,150,22,178,150,173,173,0,1
485,L109,2016,NOPI,grass,grass,48.45823,-102.39729,t,141,16,151,19.5,178,151,175,175,0,1
486,L110,2016,NOPI,grass,grass,48.45866,-102.39569,t,137,15.8,151,16.3,172,151,166,166,0,1
487,L111,2016,MALL,grass,grass,48.45834,-102.39082,t,136,13.8,151,12,172,151,165,172,1,1
488,L113,2016,MALL,grass,grass,48.45789,-102.38831,t,137,12,151,13.3,172,151,166,166,0,1
489,L114,2016,BWTE,grass,grass,48.45741,-102.38837,t,139,14.5,151,9.3,165,151,158,165,1,1
490,L115,2016,NOPI,grass,grass,48.45714,-102.38751,t,147,10,151,9.3,158,151,151,158,1,1
491,L116,2016,GADW,grass,grass,48.45726,-102.38664,t,143,15.3,151,14.3,178,151,172,178,1,1
492,L117,2016,BWTE,grass,grass,48.50264,-102.40645,t,138,10,153,15.3,160,153,153,160,1,1
493,L118,2016,BWTE,grass,grass,48.73477,-102.80713,t,142,13,154,13.5,178,154,175,175,0,1
494,L119,2016,MALL,grass,grass,48.73456,-102.80666,t,141,13.5,154,11.5,165,154,154,165,1,1
495,L120,2016,BWTE,grass,grass,48.73318,-102.80602,t,135,12.8,154,11.8,165,154,154,165,1,1
496,L121,2016,NSHO,grass,grass,48.73153,-102.80648,t,143,11.8,154,14.5,171,154,165,171,1,1
497,L122,2016,BWTE,grass,grass,48.72975,-102.80791,t,138,12.3,154,13,178,154,171,178,1,1
498,L123,2016,NOPI,grass,grass,48.73078,-102.80848,t,139,18,154,15.5,165,154,154,165,1,1
499,L124,2016,MALL,grass,grass,48.72894,-102.8059,t,141,15.5,154,17.8,165,154,154,165,1,1
500,L125,2016,BWTE,grass,grass,48.72964,-102.80573,t,142,12.3,154,13.8,171,154,165,171,1,1
501,L126,2016,NSHO,grass,grass,48.72876,-102.80466,t,147,16.3,154,12.8,165,154,154,165,1,1
502,L127,2016,BWTE,grass,grass,48.73069,-102.8038,t,144,13.8,154,11.5,178,154,171,178,1,1
503,L128,2016,NSHO,grass,grass,48.73072,-102.80327,t,143,12,154,10,165,154,154,165,1,1
504,L129,2016,BWTE,grass,grass,48.72985,-102.80316,t,140,13.5,154,16,178,154,174,174,0,1
505,L13,2016,MALL,other,grass,48.67127,-102.71525,t,127,9.8,130,9.5,150,130,144,150,1,1
506,L130,2016,MALL,grass,grass,48.72931,-102.80352,t,140,13,154,12.8,165,154,154,165,1,1
507,L131,2016,BWTE,grass,grass,48.72901,-102.80373,t,141,14.8,154,15.8,178,154,171,178,1,1
508,L132,2016,MALL,grass,grass,48.05155,-101.62217,t,148,10.3,155,11.5,167,155,160,167,1,1
509,L133,2016,BWTE,grass,grass,48.05165,-101.62612,t,142,9.8,155,8,167,155,160,167,1,1
510,L134,2016,BWTE,grass,grass,48.05014,-101.62086,t,145,7,155,9.8,180,155,177,177,0,1
511,L135,2016,BWTE,grass,grass,48.04889,-101.62733,t,143,7,155,4.3,180,155,160,180,1,1
512,L136,2016,MALL,grass,grass,48.04913,-101.62425,t,148,9.5,155,9.3,167,155,160,167,1,1
513,L137,2016,BWTE,grass,grass,48.04858,-101.62611,t,143,7,155,7.5,160,155,155,160,1,1
514,L138,2016,BWTE,grass,grass,48.04909,-101.62093,t,130,7.3,155,6.8,167,155,161,161,0,1
515,L139,2016,NSHO,grass,grass,48.0452,-101.62135,t,144,4.3,155,4,167,155,160,167,1,1
516,L14,2016,MALL,grass,grass,48.49822,-102.40594,t,112,8,133,8,138,133,133,138,1,1
517,L140,2016,BWTE,grass,grass,48.04512,-101.6216,t,147,7.5,155,9.8,167,155,160,167,1,1
518,L141,2016,AMWI,grass,grass,48.04482,-101.63092,t,141,9.3,155,13.5,160,155,155,160,1,1
519,L142,2016,BWTE,grass,grass,48.04789,-101.63105,t,126,9,155,8.5,160,155,155,160,1,1
520,L143,2016,MALL,grass,grass,48.62815,-102.41592,t,149,22.8,155,27,182,155,175,182,1,1
521,L144,2016,BWTE,grass,low.shrub,48.63094,-102.49378,t,130,10.5,156,16.3,161,156,156,161,1,1
522,L145,2016,BWTE,grass,grass,48.62644,-102.49355,t,149,9.8,156,9,173,156,167,173,1,1
523,L146,2016,BWTE,grass,grass,48.62685,-102.4931,t,154,9,156,10.3,182,156,173,182,1,1
524,L147,2016,BWTE,grass,grass,48.63067,-102.49192,t,144,8,156,10,182,156,177,177,0,1
525,L149,2016,NSHO,grass,low.shrub,48.62997,-102.48943,t,148,9.3,156,7.3,167,156,161,167,1,1
526,L15,2016,NOPI,grass,grass,48.49709,-102.40501,t,131,7.8,133,7.8,138,133,133,138,1,1
527,L150,2016,NSHO,grass,grass,48.62679,-102.48551,t,136,8.8,156,10.3,173,156,170,170,0,1
528,L151,2016,BWTE,grass,grass,48.62726,-102.48766,t,150,12.3,156,14.3,188,156,183,183,0,1
529,L152,2016,BWTE,grass,low.shrub,48.62797,-102.48537,t,142,10.5,156,10.8,182,156,173,182,1,1
530,L153,2016,BWTE,grass,grass,48.62796,-102.48467,t,137,9,156,11.3,182,156,174,174,0,1
531,L154,2016,MALL,grass,tall.shrub,48.62985,-102.48562,t,141,23.8,156,24,161,156,156,161,1,1
532,L155,2016,BWTE,grass,grass,48.77401,-102.69826,t,148,15.5,157,16.3,169,157,162,169,1,1
533,L156,2016,BWTE,grass,grass,48.77132,-102.69909,t,155,13,157,10,176,157,169,176,1,1
534,L157,2016,BWTE,grass,grass,48.77137,-102.69576,t,155,15.5,157,10.8,169,157,162,169,1,1
535,L158,2016,MALL,grass,grass,48.77173,-102.69573,t,147,18.5,157,15.8,162,157,157,162,1,1
536,L159,2016,BWTE,grass,grass,48.77287,-102.69434,t,148,23,157,24.3,176,157,169,176,1,1
537,L16,2016,BWTE,grass,grass,48.49905,-102.40448,t,127,4.5,133,7.3,145,133,138,145,1,1
538,L160,2016,GADW,grass,grass,48.77329,-102.69408,t,149,22.5,157,24,162,157,157,162,1,1
539,L161,2016,BWTE,grass,grass,48.77308,-102.69371,t,143,17.5,157,13,169,157,162,169,1,1
540,L162,2016,NSHO,grass,grass,48.77284,-102.69173,t,134,18.5,157,16.5,169,157,162,169,1,1
541,L163,2016,GADW,grass,grass,48.77346,-102.69133,t,150,27.5,157,13.5,162,157,157,162,1,1
542,L164,2016,BWTE,grass,grass,48.77335,-102.69101,t,156,15.5,157,12.8,169,157,162,169,1,1
543,L165,2016,BWTE,grass,grass,48.77268,-102.69019,t,143,17,157,20.5,176,157,169,176,1,1
544,L166,2016,BWTE,grass,grass,48.7755,-102.68937,t,145,17.8,157,9.8,162,157,157,162,1,1
545,L167,2016,BWTE,grass,grass,48.77548,-102.6897,t,146,16,157,22,183,157,178,178,0,1
546,L168,2016,BWTE,grass,grass,48.7743,-102.68948,t,146,17.8,157,15.3,162,157,157,162,1,1
547,L169,2016,BWTE,grass,grass,48.7748,-102.6909,t,149,16.5,157,11.8,169,157,162,169,1,1
548,L17,2016,NSHO,grass,grass,48.49671,-102.40085,t,127,5.3,133,4.8,138,133,133,138,1,1
549,L170,2016,NSHO,grass,grass,48.77504,-102.69066,t,147,18.8,157,13.3,162,157,157,162,1,1
550,L171,2016,BWTE,grass,grass,48.77746,-102.69535,t,142,12.5,157,8.3,169,157,162,169,1,1
551,L172,2016,MALL,grass,grass,48.72543,-102.80699,t,150,15.8,158,10.5,165,158,158,165,1,1
552,L173,2016,NSHO,grass,grass,48.72817,-102.80586,t,141,17.3,158,14,178,158,172,172,0,1
553,L174,2016,GADW,grass,grass,48.72535,-102.80239,t,151,15.3,158,15.8,184,158,183,183,0,1
554,L175,2016,MALL,grass,grass,48.72731,-102.80434,t,140,19,158,17.3,165,158,158,165,1,1
555,L176,2016,BWTE,grass,grass,48.72658,-102.80338,t,146,12.8,158,16.5,184,158,179,179,0,1
556,L177,2016,NSHO,hay,grass,48.72601,-102.80427,t,141,15.8,158,15.5,171,158,165,171,1,1
557,L178,2016,NOPI,hay,grass,48.72136,-102.80351,t,148,17.8,158,18,171,158,165,171,1,1
558,L179,2016,NOPI,hay,grass,48.72285,-102.80316,t,151,19.3,158,19.3,178,158,171,178,1,1
559,L18,2016,BWTE,grass,grass,48.49968,-102.39475,t,129,5.8,133,5.8,145,133,138,145,1,1
560,L180,2016,NSHO,grass,grass,48.72153,-102.8006,t,145,14,158,14.5,165,158,158,165,1,1
561,L181,2016,NOPI,crp,grass,48.62999,-102.58306,t,157,11.8,158,11,166,158,158,166,1,1
562,L182,2016,BWTE,crp,grass,48.62659,-102.58241,t,141,11,158,8.3,180,158,175,175,0,1
563,L183,2016,AMWI,crp,grass,48.63279,-102.58414,t,145,20.3,158,20.8,166,158,158,166,1,1
564,L184,2016,GADW,crp,grass,48.63196,-102.58411,t,148,19.3,158,17.8,173,158,166,173,1,1
565,L185,2016,BWTE,crp,grass,48.63089,-102.58407,t,146,16,158,17.3,166,158,158,166,1,1
566,L186,2016,BWTE,crp,grass,48.63027,-102.58361,t,146,15,158,15,166,158,158,166,1,1
567,L187,2016,GADW,crp,grass,48.6276,-102.5838,t,145,19.3,158,22.3,166,158,158,166,1,1
568,L188,2016,GADW,other,low.shrub,48.47733,-102.35462,t,147,23.3,159,24.3,186,159,180,180,0,1
569,L189,2016,NSHO,other,low.shrub,48.47736,-102.35432,t,133,14,159,13.3,172,159,168,168,0,1
570,L19,2016,BWTE,grass,grass,48.04852,-101.62075,t,126,4,134,5.5,155,134,141,155,1,1
571,L190,2016,BWTE,grass,grass,48.48009,-102.35429,t,146,8.5,159,6.5,172,159,166,172,1,1
572,L191,2016,NSHO,other,low.shrub,48.48035,-102.35486,t,146,8.5,159,9.3,172,159,166,172,1,1
573,L192,2016,BWTE,grass,grass,48.47744,-102.35592,t,136,9.5,159,9.5,172,159,169,169,0,1
574,L193,2016,BWTE,other,low.shrub,48.4773,-102.35758,t,131,9,159,11,166,159,162,162,0,1
575,L194,2016,NSHO,grass,grass,48.48004,-102.35645,t,132,9,159,9.5,172,159,167,167,0,1
576,L195,2016,BWTE,grass,grass,48.47779,-102.35623,t,151,8.3,159,9,186,159,181,181,0,1
577,L196,2016,GADW,other,low.shrub,48.47836,-102.35852,t,150,16.3,159,17.8,166,159,159,166,1,1
578,L197,2016,NSHO,grass,grass,48.48429,-102.358,t,155,6.3,159,8,166,159,159,166,1,1
579,L198,2016,BWTE,grass,grass,48.48734,-102.35889,t,141,11.3,159,10.5,172,159,166,172,1,1
580,L199,2016,LESC,grass,grass,48.48755,-102.35856,t,150,11,159,12,186,159,186,186,0,1
581,L20,2016,NOPI,grass,grass,48.04573,-101.62209,t,109,4.5,134,4.5,141,134,134,141,1,1
582,L200,2016,BWTE,grass,grass,48.48825,-102.35899,t,144,8.3,159,9,172,159,166,172,1,1
583,L201,2016,BWTE,grass,grass,48.48563,-102.35732,t,145,11.8,159,7.8,179,159,172,179,1,1
584,L202,2016,BWTE,grass,grass,48.48358,-102.35729,t,145,11,159,5,172,159,166,172,1,1
585,L203,2016,BWTE,grass,grass,48.48582,-102.35694,t,150,10,159,9.3,166,159,159,166,1,1
586,L204,2016,BWTE,grass,grass,48.48823,-102.35685,t,130,8,159,8.3,166,159,162,162,0,1
587,L205,2016,BWTE,grass,grass,48.48789,-102.35662,t,136,13,159,9.5,172,159,169,169,0,1
588,L206,2016,GADW,grass,grass,48.48822,-102.35601,t,149,11.5,159,12.3,186,159,182,182,0,1
589,L207,2016,BWTE,grass,grass,48.48364,-102.35393,t,144,9.8,159,10.3,172,159,166,172,1,1
590,L208,2016,BWTE,grass,grass,48.48163,-102.35464,t,139,15,159,14.3,166,159,159,166,1,1
591,L209,2016,BWTE,grass,grass,48.07702,-101.64272,t,128,8,160,8,167,160,163,163,0,1
592,L21,2016,NOPI,grass,grass,48.04782,-101.63087,t,131,9.5,134,8.3,155,134,141,155,1,1
593,L210,2016,BWTE,grass,grass,48.07803,-101.64333,t,148,7.8,160,14,189,160,181,181,0,1
594,L211,2016,MALL,grass,grass,48.07637,-101.645,t,154,8.3,160,8.8,167,160,160,167,1,1
595,L212,2016,BWTE,grass,grass,48.07371,-101.65127,t,145,9,160,8.3,174,160,167,174,1,1
596,L213,2016,BWTE,grass,grass,48.07439,-101.64734,t,149,8.8,160,8.8,174,160,167,174,1,1
597,L214,2016,GADW,grass,grass,48.07533,-101.65012,t,150,13.3,160,15.3,189,160,182,182,0,1
598,L215,2016,NSHO,grass,grass,48.07593,-101.64801,t,148,14.5,160,7.3,174,160,167,174,1,1
599,L217,2016,BWTE,grass,grass,48.07601,-101.65165,t,139,11.3,160,12.3,174,160,167,174,1,1
600,L218,2016,GADW,grass,grass,48.07867,-101.65199,t,143,11,160,12.8,180,160,175,175,0,1
601,L219,2016,NOPI,grass,grass,48.07944,-101.65199,t,157,18.5,160,27.5,180,160,174,180,1,1
602,L22,2016,BWTE,grass,grass,48.05034,-101.62265,t,132,3.8,134,5.3,160,134,155,160,1,1
603,L220,2016,GADW,grass,grass,48.0491,-101.62257,t,147,8.8,160,9.3,167,160,160,167,1,1
604,L221,2016,BWTE,grass,grass,48.04924,-101.6244,t,144,8.3,160,8.5,180,160,176,176,0,1
605,L222,2016,BWTE,grass,grass,48.49532,-102.39456,t,145,10,161,6.3,175,161,168,175,1,1
606,L223,2016,BWTE,grass,grass,48.49639,-102.39418,t,141,17.5,161,14.5,175,161,168,175,1,1
607,L224,2016,BWTE,grass,grass,48.49646,-102.39423,t,155,13.8,161,10.3,175,161,168,175,1,1
608,L225,2016,GADW,grass,grass,48.4974,-102.39458,t,153,14,161,8.3,182,161,175,182,1,1
609,L226,2016,NSHO,grass,grass,48.49843,-102.39478,t,148,8.3,161,7,175,161,168,175,1,1
610,L227,2016,BWTE,grass,grass,48.4992,-102.39413,t,146,10,161,9.8,175,161,168,175,1,1
611,L228,2016,BWTE,grass,grass,48.50034,-102.3941,t,148,12.3,161,9.3,168,161,161,168,1,1
612,L229,2016,BWTE,grass,grass,48.49933,-102.39545,t,155,14.3,161,12.5,168,161,161,168,1,1
613,L230,2016,MALL,other,grass,48.50114,-102.39067,t,148,19,161,16.5,182,161,175,182,1,1
614,L231,2016,MALL,crp,grass,48.49793,-102.39137,t,157,14.3,161,19.8,188,161,187,187,0,1
615,L232,2016,GADW,grass,grass,48.49549,-102.39159,t,150,23,161,23,182,161,175,182,1,1
616,L233,2016,MALL,grass,grass,48.49551,-102.39159,t,138,25,161,26,182,161,176,176,0,1
617,L234,2016,MALL,other,grass,48.63168,-102.41697,t,147,10.5,161,9.5,179,161,175,179,1,1
618,L235,2016,BWTE,grass,grass,48.68242,-102.66713,t,149,6.8,162,6.5,168,162,162,168,1,1
619,L236,2016,NOPI,grass,grass,48.68245,-102.66672,t,148,12.8,162,5.5,168,162,162,168,1,1
620,L237,2016,NSHO,grass,grass,48.68572,-102.6657,t,144,9.5,162,5.8,168,162,162,168,1,1
621,L238,2016,MALL,grass,grass,48.67113,-102.72016,t,154,13.5,162,10.3,168,162,162,168,1,1
622,L239,2016,NOPI,grass,grass,48.45934,-102.4017,t,155,17,165,15.3,172,165,165,172,1,1
623,L240,2016,MALL,grass,grass,48.45898,-102.39972,t,152,17.3,165,16.8,185,165,180,180,0,1
624,L241,2016,GADW,grass,grass,48.45851,-102.40002,t,158,22,165,21.5,197,165,191,191,0,1
625,L242,2016,NSHO,grass,grass,48.45873,-102.40039,t,147,16.8,165,17.3,178,165,178,178,0,1
626,L243,2016,GADW,grass,grass,48.45831,-102.4008,t,137,19,165,21.3,172,165,172,172,0,1
627,L244,2016,NSHO,grass,grass,48.45692,-102.39838,t,151,20.8,165,21.8,185,165,185,185,0,1
628,L245,2016,GADW,grass,grass,48.45654,-102.39912,t,154,20.3,165,21,185,165,185,185,0,1
629,L246,2016,MALL,grass,grass,48.45673,-102.39783,t,150,19.8,165,20.8,185,165,183,183,0,1
630,L247,2016,MALL,grass,grass,48.45716,-102.3979,t,150,21.5,165,17.8,185,165,181,181,0,1
631,L248,2016,MALL,grass,grass,48.45783,-102.39544,t,141,14.3,165,15.3,178,165,174,174,0,1
632,L249,2016,NSHO,grass,grass,48.63136,-102.47755,t,160,12.5,167,12.5,193,167,191,191,0,1
633,L25,2016,MALL,grass,low.shrub,48.63062,-102.48629,t,119,10.3,135,10.3,144,135,135,144,1,1
634,L250,2016,BWTE,grass,grass,48.63195,-102.48289,t,164,10.3,167,10.8,200,167,195,195,0,1
635,L251,2016,BWTE,other,tall.shrub,48.63306,-102.48103,t,137,27,167,26.3,173,167,170,170,0,1
636,L252,2016,BWTE,grass,grass,48.63204,-102.4805,t,139,11.5,167,12.8,182,167,174,174,0,1
637,L254,2016,BWTE,grass,grass,48.63053,-102.47991,t,157,10.5,167,11,193,167,191,191,0,1
638,L256,2016,BWTE,other,grass,48.6315,-102.48,t,135,26.3,167,25.5,173,167,168,168,0,1
639,L257,2016,NOPI,grass,grass,48.07888,-101.65088,t,160,12,167,13.3,189,167,189,189,0,1
640,L258,2016,BWTE,grass,grass,48.49644,-102.40743,t,159,21.3,168,9.8,188,168,182,188,1,1
641,L259,2016,BWTE,grass,grass,48.62626,-102.41668,t,139,10,168,3,175,168,171,171,0,1
642,L26,2016,NOPI,grass,grass,48.63289,-102.48114,t,127,8.5,135,10,157,135,157,157,0,1
643,L260,2016,LESC,grass,grass,48.62652,-102.4185,t,153,16.3,168,14.3,175,168,168,175,1,1
644,L261,2016,MALL,grass,grass,48.62676,-102.41615,t,161,13,168,11,182,168,175,182,1,1
645,L262,2016,GADW,other,low.shrub,48.62675,-102.41452,t,155,29.8,168,27.8,182,168,175,182,1,1
646,L263,2016,GADW,other,low.shrub,48.62675,-102.4098,t,160,21.5,168,15,189,168,182,189,1,1
647,L264,2016,GADW,grass,grass,48.62749,-102.41271,t,150,17.8,168,20,189,168,183,183,0,1
648,L265,2016,BWTE,grass,grass,48.62797,-102.41564,t,147,19.3,168,19.8,175,168,168,175,1,1
649,L266,2016,GADW,grass,grass,48.62794,-102.41376,t,151,18.8,168,17.3,182,168,175,182,1,1
650,L267,2016,NSHO,grass,grass,48.62756,-102.41109,t,157,14.8,168,16,196,168,190,190,0,1
651,L268,2016,BWTE,grass,grass,48.62745,-102.40866,t,141,12.5,168,15,182,168,176,176,0,1
652,L269,2016,MALL,grass,grass,48.62743,-102.40846,t,140,18.3,168,18.8,175,168,174,174,0,1
653,L27,2016,BWTE,grass,grass,48.59297,-102.40849,t,129,7,137,6.5,161,137,153,161,1,1
654,L271,2016,BWTE,other,low.shrub,48.73471,-102.67958,t,163,15.3,171,13.5,190,171,184,190,1,1
655,L272,2016,GADW,other,low.shrub,48.73284,-102.68262,t,164,21,171,18.3,196,171,190,196,1,1
656,L273,2016,NSHO,grass,grass,48.73352,-102.68314,t,152,5.3,171,6.8,190,171,186,186,0,1
657,L274,2016,GADW,grass,grass,48.72878,-102.68802,t,150,10,171,8,184,171,178,184,1,1
658,L275,2016,GADW,grass,grass,48.47831,-102.35837,t,164,7,172,7.5,186,172,179,186,1,1
659,L276,2016,GADW,grass,grass,48.47499,-102.35696,t,167,8.5,172,6.8,201,172,197,197,0,1
660,L277,2016,BWTE,other,low.shrub,48.47735,-102.35503,t,141,13.3,172,10.3,179,172,172,179,1,1
661,L278,2016,BWTE,grass,grass,48.48117,-102.35402,t,145,9,172,9.8,186,172,180,180,0,1
662,L279,2016,GADW,grass,grass,48.48248,-102.35603,t,167,19.3,172,18.3,179,172,172,179,1,1
663,L28,2016,NOPI,grass,grass,48.59084,-102.40909,t,119,5.3,137,0,144,137,137,144,1,1
664,L280,2016,BWTE,grass,grass,48.4881,-102.356,t,166,12,172,13.3,193,172,186,193,1,1
665,L281,2016,GADW,grass,grass,48.48538,-102.35764,t,156,12.5,172,10.8,179,172,172,179,1,1
666,L282,2016,NSHO,grass,grass,48.4831,-102.35879,t,149,6.3,172,7.3,179,172,175,175,0,1
667,L283,2016,BWTE,grass,grass,48.48747,-102.35905,t,144,8,172,8,179,172,172,179,1,1
668,L284,2016,BWTE,grass,grass,48.45824,-102.4011,t,161,24.5,172,19.8,197,172,192,192,0,1
669,L285,2016,GADW,grass,grass,48.64584,-102.56923,t,149,13.5,173,11.5,185,173,181,181,0,1
670,L286,2016,BWTE,grass,grass,48.6434,-102.56902,t,167,11.5,173,9,192,173,185,192,1,1
671,L287,2016,BWTE,grass,grass,48.64636,-102.56796,t,166,9.3,173,5.3,180,173,173,180,1,1
672,L288,2016,BWTE,grass,grass,48.64399,-102.56452,t,170,7.5,173,6.3,185,173,180,185,1,1
673,L289,2016,GADW,other,low.shrub,48.6442,-102.56324,t,164,18.8,173,12,185,173,180,185,1,1
674,L29,2016,NSHO,grass,grass,48.59185,-102.41133,t,129,6.8,137,0,148,137,137,148,1,1
675,L290,2016,BWTE,grass,grass,48.62752,-102.58704,t,160,14.3,173,11.5,192,173,185,192,1,1
676,L291,2016,NSHO,grass,grass,48.63177,-102.58511,t,161,17.3,173,14.8,185,173,180,185,1,1
677,L293,2016,AMWI,grass,grass,48.63152,-102.58386,t,145,21.8,173,22,185,173,181,181,0,1
678,L294,2016,GADW,grass,grass,48.62691,-102.58365,t,166,19,173,20,192,173,185,192,1,1
679,L295,2016,MALL,grass,grass,48.62645,-102.58288,t,166,15,173,5.3,180,173,173,180,1,1
680,L296,2016,NOPI,grass,grass,48.62797,-102.58293,t,162,17.5,173,18.5,197,173,193,193,0,1
681,L297,2016,NSHO,grass,grass,48.07534,-101.65018,t,166,14.5,174,15.8,201,174,196,196,0,1
682,L298,2016,BWTE,grass,grass,48.07877,-101.65216,t,163,11.8,174,17.3,201,174,196,196,0,1
683,L299,2016,BWTE,grass,grass,48.49789,-102.40755,t,161,10.5,175,5,182,175,175,182,1,1
684,L3,2016,MALL,grass,grass,48.63231,-102.41113,t,115,9.3,121,7.5,140,121,133,140,1,1
685,L30,2016,NOPI,grass,grass,48.59264,-102.41289,t,124,13.3,137,13.8,161,137,153,161,1,1
686,L300,2016,GADW,grass,grass,48.47643,-102.35633,t,169,13,175,7.3,182,175,175,182,1,1
687,L301,2016,GADW,grass,grass,48.50133,-102.40671,t,169,16.5,175,13.8,182,175,175,182,1,1
688,L302,2016,BWTE,grass,grass,48.4999,-102.40656,t,160,11.8,175,7.8,182,175,175,182,1,1
689,L303,2016,GADW,grass,grass,48.49962,-102.40646,t,154,14,175,7.5,182,175,175,182,1,1
690,L304,2016,BWTE,grass,grass,48.49671,-102.40588,t,172,13.5,175,9.8,182,175,175,182,1,1
691,L305,2016,GADW,crp,grass,48.50007,-102.40552,t,161,10,175,4.3,195,175,193,193,0,1
692,L306,2016,GADW,grass,grass,48.49792,-102.40533,t,160,15.8,175,4.3,201,175,196,196,0,1
693,L307,2016,BWTE,grass,grass,48.49762,-102.40241,t,148,10.5,175,11.5,182,175,177,177,0,1
694,L308,2016,MALL,grass,grass,48.49927,-102.40285,t,168,16.5,175,4.5,188,175,182,188,1,1
695,L309,2016,BWTE,grass,tall.shrub,48.63203,-102.41739,t,163,26,175,18.3,196,175,189,196,1,1
696,L31,2016,NOPI,grass,grass,48.4784,-102.3587,t,131,7.5,137,7.5,153,137,144,153,1,1
697,L310,2016,NOPI,other,grass,48.63168,-102.41676,t,169,11.8,175,14.5,196,175,189,196,1,1
698,L311,2016,GADW,grass,grass,48.77177,-102.69563,t,168,25.3,176,20.3,190,176,183,190,1,1
699,L312,2016,NSHO,grass,grass,48.77271,-102.69512,t,167,22,176,18.8,183,176,176,183,1,1
700,L313,2016,BWTE,grass,grass,48.77251,-102.69105,t,165,23.5,176,25.3,202,176,197,197,0,1
701,L315,2016,NSHO,grass,grass,48.49642,-102.39634,t,158,7,177,4.3,182,177,177,182,1,1
702,L316,2016,GADW,grass,grass,48.49527,-102.39491,t,166,9.8,177,8.3,188,177,182,188,1,1
703,L317,2016,BWTE,grass,grass,48.49888,-102.39539,t,164,14,177,10,195,177,188,195,1,1
704,L318,2016,BWTE,grass,grass,48.49866,-102.39611,t,155,14.8,177,9,195,177,190,190,0,1
705,L319,2016,BWTE,grass,grass,48.49991,-102.39595,t,162,10.3,177,9.3,188,177,182,188,1,1
706,L321,2016,GADW,other,grass,48.50266,-102.39687,t,169,18.8,177,8.3,201,177,195,201,1,1
707,L322,2016,BWTE,grass,grass,48.50125,-102.39866,t,155,11,177,8,195,177,189,189,0,1
708,L323,2016,LESC,grass,grass,48.49547,102.40208,t,149,14.5,177,11.5,195,177,189,189,0,1
709,L324,2016,NSHO,grass,grass,48.49932,-102.39992,t,163,10.5,177,5.3,188,177,182,188,1,1
710,L325,2016,BWTE,grass,grass,48.63951,-102.59653,t,156,11.5,177,12.5,196,177,191,191,0,1
711,L326,2016,LESC,grass,grass,48.63613,-102.59489,t,165,17,177,17.3,190,177,183,190,1,1
712,L328,2016,GADW,grass,grass,48.72456,-102.80285,t,168,15.8,178,14.5,191,178,184,191,1,1
713,L33,2016,BWTE,grass,grass,48.47643,-102.35633,t,130,9.5,137,9.5,144,137,137,144,1,1
714,L330,2016,GADW,grass,grass,48.72553,-102.80382,t,161,19.5,178,16.5,184,178,178,184,1,1
715,L331,2016,BWTE,grass,grass,48.72637,-102.80369,t,153,13.8,178,14.8,184,178,178,184,1,1
716,L332,2016,GADW,crp,grass,48.72322,-102.80212,t,159,13.3,178,12.5,191,178,184,191,1,1
717,L333,2016,NSHO,crp,grass,48.72207,-102.80414,t,165,17.3,178,17.3,184,178,178,184,1,1
718,L334,2016,NSHO,grass,grass,48.63194,-102.40886,t,154,10,179,10.5,182,179,179,182,1,1
719,L335,2016,GADW,grass,grass,48.45614,-102.39829,t,147,20.8,179,21.8,185,179,180,180,0,1
720,L336,2016,GADW,grass,grass,48.45591,-102.39778,t,158,16.8,179,15.8,197,179,192,192,0,1
721,L337,2016,NSHO,grass,grass,48.45908,-102.38691,t,150,16.3,179,17.5,185,179,182,182,0,1
722,L338,2016,GADW,grass,grass,48.45928,-102.38871,t,171,21.8,179,13.3,202,179,197,202,1,1
723,L34,2016,MALL,grass,grass,48.48029,-102.35654,t,133,9,137,6.5,153,137,144,153,1,1
724,L340,2016,GADW,grass,grass,48.45863,-102.39828,t,148,13.3,179,12.3,185,179,181,181,0,1
725,L341,2016,MALL,grass,grass,48.45858,-102.39827,t,152,20.5,179,21,191,179,186,186,0,1
726,L342,2016,NOPI,grass,grass,48.45858,-102.39747,t,153,21,179,21.5,191,179,186,186,0,1
727,L343,2016,GADW,grass,grass,48.45899,-102.40072,t,151,22.5,179,24,185,179,180,180,0,1
728,L344,2016,LESC,grass,grass,48.47418,-102.35581,t,167,9.8,179,10,186,179,179,186,1,1
729,L345,2016,BWTE,grass,grass,48.68233,-102.66549,t,174,5.5,183,7,196,183,190,196,1,1
730,L346,2016,GADW,grass,grass,48.05083,-101.63268,t,149,10,180,10.5,189,180,182,182,0,1
731,L347,2016,BWTE,grass,grass,48.04992,-101.62937,t,175,8.8,180,7.8,189,180,180,189,1,1
732,L348,2016,MALL,grass,grass,48.04991,-101.62753,t,177,13.3,180,10,189,180,180,189,1,1
733,L349,2016,LESC,grass,grass,48.04974,-101.62628,t,173,12.3,180,11.5,189,180,180,189,1,1
734,L35,2016,NSHO,grass,grass,48.47979,-102.354,t,127,10.5,137,12.5,166,137,160,160,0,1
735,L350,2016,LESC,grass,grass,48.04858,-101.63192,t,170,11.3,180,11,201,180,195,201,1,1
736,L351,2016,GADW,grass,grass,48.04853,-101.62748,t,171,13.3,180,14,189,180,180,189,1,1
737,L352,2016,GADW,grass,grass,48.04905,-101.62424,t,172,16,180,14.5,189,180,180,189,1,1
738,L353,2016,BWTE,grass,grass,48.04877,-101.62637,t,167,7.5,180,10,201,180,198,198,0,1
739,L355,2016,GADW,other,low.wet,48.04825,-101.62572,t,173,16.3,180,17.5,189,180,180,189,1,1
740,L356,2016,GADW,grass,grass,48.04719,-101.62782,t,168,7,180,8.3,201,180,195,201,1,1
741,L357,2016,GADW,grass,grass,48.04663,-101.62678,t,161,14.5,180,15,195,180,191,191,0,1
742,L358,2016,MALL,grass,grass,48.04496,-101.63068,t,175,15,180,14.5,195,180,189,195,1,1
743,L359,2016,BWTE,grass,grass,48.04507,-101.63095,t,174,10.5,180,11.5,189,180,180,189,1,1
744,L36,2016,BWTE,grass,grass,48.4875,-102.35565,t,129,7.3,137,7.3,144,137,137,144,1,1
745,L360,2016,BWTE,grass,grass,48.04549,-101.62585,t,156,14.5,180,14.5,195,180,191,191,0,1
746,L361,2016,MALL,grass,grass,48.07474,-101.65199,t,172,10.3,180,11.3,189,180,180,189,1,1
747,L362,2016,NSHO,grass,grass,48.07566,-101.65249,t,161,10.5,180,11.3,195,180,191,191,0,1
748,L363,2016,LESC,grass,grass,48.07516,-101.64833,t,165,13.3,180,13.8,201,180,195,201,1,1
749,L364,2016,GADW,other,low.wet,48.07611,-101.65266,t,171,21.5,180,19.8,201,180,196,196,0,1
750,L365,2016,BWTE,grass,grass,48.67528,-101.72251,t,168,7.8,182,6.8,197,182,190,197,1,1
751,L366,2016,GADW,grass,grass,48.6704,-102.72095,t,177,13.5,182,13.3,202,182,197,202,1,1
752,L367,2016,GADW,grass,low.shrub,48.67551,-102.72138,t,172,15,182,11.8,190,182,182,190,1,1
753,L368,2016,BWTE,grass,grass,48.67579,-102.72033,t,162,11.8,182,10,202,182,198,198,0,1
754,L369,2016,BWTE,grass,grass,48.67216,-102.72058,t,171,10,182,10.3,202,182,199,199,0,1
755,L37,2016,MALL,grass,grass,48.59032,-102.41501,t,134,17.8,138,0,148,138,138,148,1,1
756,L371,2016,LESC,grass,grass,48.67099,-102.71944,t,173,19.5,182,20.3,197,182,190,197,1,1
757,L372,2016,BWTE,grass,grass,48.67208,-102.7193,t,174,13.3,182,12.3,190,182,182,190,1,1
758,L373,2016,NSHO,grass,grass,48.67213,-102.71944,t,171,15.3,182,14.3,190,182,182,190,1,1
759,L374,2016,GADW,grass,grass,48.67601,-102.71793,t,175,12.8,182,11.8,213,182,208,208,0,1
760,L375,2016,GADW,grass,grass,48.67308,-102.71499,t,175,15.5,182,12.8,213,182,208,208,0,1
761,L376,2016,GADW,grass,low.shrub,48.67289,-102.71435,t,168,28,182,27,190,182,182,190,1,1
762,L377,2016,GADW,grass,grass,48.67242,-102.71442,t,176,13,182,9.3,207,182,202,207,1,1
763,L378,2016,NSHO,grass,grass,48.63339,-102.59832,t,150,7.5,183,7.8,190,183,183,190,1,1
764,L379,2016,BWTE,grass,grass,48.63359,-102.60242,t,171,6.8,183,7,196,183,189,196,1,1
765,L38,2016,MALL,grass,grass,48.59006,-102.41457,t,121,10.5,138,0,148,138,138,148,1,1
766,L380,2016,GADW,grass,grass,48.5934,-102.42997,t,170,16.3,184,16.8,207,184,204,204,0,1
767,L381,2016,BWTE,grass,grass,48.59394,-102.42916,t,170,5.3,184,6,191,184,184,191,1,1
768,L382,2016,BWTE,grass,grass,48.59497,-102.42313,t,163,5.3,184,5.8,202,184,197,197,0,1
769,L383,2016,GADW,grass,grass,48.59574,-102.42232,t,159,10,184,10.5,196,184,192,192,0,1
770,L385,2016,GADW,grass,grass,48.59439,-102.42007,t,171,21,184,21.5,202,184,199,199,0,1
771,L386,2016,BWTE,grass,grass,48.59334,-102.41978,t,161,11.8,184,11.3,191,184,184,191,1,1
772,L387,2016,GADW,grass,grass,48.59073,-102.4093,t,173,15.3,184,13,191,184,184,191,1,1
773,L388,2016,GADW,grass,grass,48.5904,-102.40897,t,161,14.5,184,14.5,191,184,184,191,1,1
774,L389,2016,NSHO,grass,grass,48.59312,-102.41203,t,165,8.8,184,9,202,184,197,197,0,1
775,L39,2016,NOPI,grass,grass,48.59171,-102.41762,t,127,8,138,0,148,138,138,148,1,1
776,L390,2016,BWTE,grass,grass,48.59136,-102.41206,t,160,12.5,184,13.3,196,184,193,193,0,1
777,L391,2016,GADW,grass,grass,48.62854,-102.58266,t,170,14.8,185,14.3,197,185,192,197,1,1
778,L392,2016,BWTE,grass,grass,48.63131,-102.584,t,171,20.8,185,21,192,185,185,192,1,1
779,L393,2016,LESC,grass,grass,48.47829,-102.35612,t,177,5.8,186,7.5,213,186,210,210,0,1
780,L394,2016,GADW,grass,grass,48.47623,-102.3549,t,166,7.3,186,8.3,201,186,197,197,0,1
781,L395,2016,BWTE,grass,grass,48.47421,-102.35434,t,163,6,186,7.5,201,186,194,194,0,1
782,L396,2016,AGWT,grass,grass,48.49669,-102.40683,t,181,10.8,188,3.3,201,188,195,201,1,1
783,L397,2016,BWTE,grass,grass,48.50212,-102.40445,t,160,9,188,8,195,188,188,195,1,1
784,L398,2016,GADW,grass,grass,48.5026,-102.40068,t,175,17.5,188,15,213,188,208,208,0,1
785,L399,2016,GADW,grass,grass,48.4947,-102.40115,t,181,10,188,8.8,195,188,188,195,1,1
786,L4,2016,MALL,other,grass,48.64754,-102.56508,t,114,18.5,124,12,142,124,135,142,1,1
787,L40,2016,BWTE,grass,grass,48.77187,-102.69882,t,132,10.3,139,11.5,150,139,145,150,1,1
788,L400,2016,GADW,grass,grass,48.50126,-102.40166,t,158,13.5,188,10.8,195,188,188,195,1,1
789,L401,2016,GADW,grass,grass,48.50048,-102.40147,t,180,16.3,188,13,201,188,195,201,1,1
790,L402,2016,BWTE,grass,grass,48.49697,-102.39403,t,177,15,188,9.8,195,188,188,195,1,1
791,L403,2016,NSHO,grass,grass,48.62901,-102.40963,t,164,5.3,189,4.8,196,189,189,196,1,1
792,L404,2016,MALL,other,low.shrub,48.6283,-102.40846,t,174,28.8,189,23.3,207,189,202,207,1,1
793,L406,2016,LESC,other,low.wet,48.7313,-102.68251,t,178,7,190,6.8,196,190,190,196,1,1
794,L407,2016,BWTE,grass,grass,48.63611,-102.59282,t,164,13.3,190,13.5,202,190,197,197,0,1
795,L408,2016,BWTE,grass,grass,48.63409,-102.60198,t,166,19.8,190,20.8,202,190,197,197,0,1
796,L409,2016,GADW,grass,grass,48.4576,-102.39751,t,173,20.8,191,19.5,197,191,191,197,1,1
797,L41,2016,BWTE,grass,grass,48.77176,-102.69588,t,138,7.8,139,8.3,162,139,157,162,1,1
798,L410,2016,GADW,grass,grass,48.64685,-102.56971,t,169,12.3,192,1,197,192,192,197,1,1
799,L411,2016,GADW,grass,grass,48.62665,-102.48801,t,163,12,193,11.5,200,193,194,194,0,1
800,L412,2016,GADW,grass,grass,48.62748,-102.4883,t,175,17,193,18.5,207,193,204,204,0,1
801,L413,2016,GADW,grass,grass,48.62941,-102.47843,t,164,29,193,28.8,200,193,196,196,0,1
802,L414,2016,LESC,grass,grass,48.73414,-102.80661,t,186,17.3,194,17.5,200,194,194,200,1,1
803,L415,2016,GADW,grass,grass,48.72496,-102.80727,t,171,19.3,194,16.3,200,194,194,200,1,1
804,L416,2016,LESC,grass,grass,48.0786,-101.65171,t,190,12,195,12,201,195,195,201,1,1
805,L417,2016,GADW,grass,grass,48.08038,-101.64897,t,171,6.3,195,6.8,207,195,203,203,0,1
806,L418,2016,GADW,grass,grass,48.59336,-102.42642,t,184,14.3,196,17.3,216,196,214,214,0,1
807,L420,2016,GADW,grass,grass,48.59137,-102.41554,t,182,19.8,196,20.8,207,196,202,207,1,1
808,L421,2016,GADW,grass,grass,48.59035,-102.41696,t,183,19.8,196,20.5,216,196,213,216,1,1
809,L422,2016,GADW,grass,grass,48.68322,-102.66657,t,189,11.3,197,7.5,207,197,202,207,1,1
810,L423,2016,GADW,grass,low.shrub,48.68203,-102.66507,t,180,13.5,197,14,213,197,213,213,0,1
811,L424,2016,GADW,other,low.shrub,48.67637,-102.71532,t,168,16.5,197,17,207,197,203,203,0,1
812,L425,2016,BWTE,grass,grass,48.63176,-102.48251,t,170,20,200,19.8,207,200,202,202,0,1
813,L43,2016,BWTE,hay,grass,48.77564,-102.69015,t,127,8.3,139,9.8,145,139,139,145,1,1
814,L44,2016,BWTE,grass,grass,48.77472,-102.69219,t,129,5.5,139,7.5,150,139,145,150,1,1
815,L45,2016,BWTE,grass,grass,48.63286,-102.41572,t,130,8.3,140,14,168,140,163,163,0,1
816,L46,2016,BWTE,other,grass,48.63168,-102.41678,t,139,10,140,14.3,175,140,171,171,0,1
817,L47,2016,BWTE,grass,grass,48.63236,-102.41663,t,134,13.3,140,17.8,155,140,148,155,1,1
818,L48,2016,BWTE,grass,grass,48.63258,-102.41639,t,130,4.8,140,4.8,148,140,140,148,1,1
819,L49,2016,BWTE,grass,tall.shrub,48.63189,-102.41268,t,130,10.3,140,12.8,155,140,148,155,1,1
820,L5,2016,MALL,grass,low.shrub,48.63326,-102.41544,t,118,7.8,126,7.8,133,126,126,133,1,1
821,L50,2016,BWTE,grass,grass,48.63083,-102.41245,t,129,10,140,9.8,168,140,162,162,0,1
822,L51,2016,MALL,other,tall.shrub,48.6289,-102.41511,t,124,17.8,140,17.8,148,140,140,148,1,1
823,L52,2016,BWTE,other,tall.shrub,48.62887,-102.41501,t,129,10.5,140,9.8,161,140,155,161,1,1
824,L53,2016,BWTE,other,tall.shrub,48.62814,-102.41584,t,129,21,140,20.5,168,140,163,163,0,1
825,L54,2016,BWTE,other,grass,48.62857,-102.41673,t,128,7.3,140,7.5,168,140,162,162,0,1
826,L55,2016,MALL,other,grass,48.62786,-102.41685,t,131,11.5,140,11.5,148,140,140,148,1,1
827,L56,2016,MALL,grass,grass,48.62611,-102.4156,t,121,17,140,19,161,140,161,161,0,1
828,L57,2016,NOPI,grass,grass,48.62666,-102.4185,t,131,13.8,140,14.3,168,140,162,162,0,1
829,L58,2016,BWTE,grass,grass,48.62738,-102.4158,t,126,9.5,140,12,155,140,148,155,1,1
830,L6,2016,MALL,other,tall.shrub,48.73322,-102.68036,t,120,15,127,19.8,141,127,134,141,1,1
831,L60,2016,BWTE,grass,grass,48.73339,-102.68111,t,140,5.5,141,7.5,178,141,174,174,0,1
832,L61,2016,BWTE,grass,grass,48.73453,-102.68644,t,133,7,141,7.5,171,141,166,166,0,1
833,L62,2016,BWTE,grass,grass,48.73454,-102.68878,t,131,11,141,10,148,141,141,148,1,1
834,L63,2016,BWTE,grass,grass,48.73434,-102.68443,t,132,6.5,141,6.3,165,141,159,165,1,1
835,L64,2016,BWTE,grass,grass,48.64248,-102.56266,t,141,5.8,142,5.8,180,142,175,175,0,1
836,L65,2016,BWTE,grass,grass,48.64391,-102.56171,t,136,6.3,142,7.3,148,142,142,148,1,1
837,L66,2016,BWTE,grass,grass,48.64445,-102.56477,t,140,6,142,8.8,154,142,148,154,1,1
838,L67,2016,BWTE,other,grass,48.64764,-102.56088,t,124,7.5,142,14.5,166,142,160,160,0,1
839,L68,2016,BWTE,grass,grass,48.64512,-102.56844,t,132,6,142,5.3,154,142,148,154,1,1
840,L69,2016,BWTE,grass,grass,48.67106,-102.72099,t,142,5.8,144,6.3,168,144,162,168,1,1
841,L7,2016,MALL,hay,grass,48.72723,-102.80379,t,124,10.8,129,11.3,154,129,142,154,1,1
842,L70,2016,MALL,grass,grass,48.67458,-102.7221,t,135,11,144,16.3,168,144,165,165,0,1
843,L71,2016,BWTE,grass,grass,48.67465,-102.72256,t,139,8.3,144,9.8,157,144,150,157,1,1
844,L72,2016,BWTE,grass,grass,48.67458,-102.7221,t,137,6,144,15.5,168,144,162,168,1,1
845,L73,2016,NOPI,grass,grass,48.67398,-102.71964,t,139,9.8,144,7.5,150,144,144,150,1,1
846,L74,2016,NSHO,grass,grass,48.67247,-102.71269,t,136,8.8,144,9.8,176,144,170,170,0,1
847,L75,2016,BWTE,grass,grass,48.67303,-102.71268,t,123,8,144,8.5,157,144,150,157,1,1
848,L76,2016,BWTE,other,grass,48.67603,-102.71365,t,133,6.5,144,8,150,144,144,150,1,1
849,L77,2016,BWTE,grass,grass,48.4959,-102.40771,t,144,8,145,9.8,153,145,145,153,1,1
850,L78,2016,BWTE,grass,grass,48.49582,-102.40755,t,130,7.3,145,9.8,168,145,163,163,0,1
851,L79,2016,BWTE,grass,grass,48.49689,-102.40694,t,141,13,145,11.5,168,145,160,168,1,1
852,L8,2016,NOPI,hay,grass,48.72732,-102.80324,t,126,9.3,129,12.3,142,129,135,142,1,1
853,L80,2016,MALL,grass,grass,48.49705,-102.4068,t,136,13,145,14,175,145,169,169,0,1
854,L81,2016,NSHO,grass,grass,48.4972,-102.40688,t,129,14,145,15.8,168,145,162,162,0,1
855,L82,2016,BWTE,grass,grass,48.50191,-102.40694,t,133,10.5,145,12.8,168,145,165,165,0,1
856,L83,2016,BWTE,crp,grass,48.5026,-102.40576,t,137,10.3,145,10.5,168,145,160,168,1,1
857,L84,2016,BWTE,grass,grass,48.50269,-102.40313,t,140,9.3,145,11.3,153,145,145,153,1,1
858,L85,2016,BWTE,grass,grass,48.50235,-102.40085,t,137,10.3,145,13,160,145,153,160,1,1
859,L86,2016,BWTE,grass,grass,48.50231,-102.40231,t,134,6.3,145,4.5,160,145,153,160,1,1
860,L87,2016,BWTE,grass,grass,48.5009,-102.40446,t,138,7.3,145,11,168,145,160,168,1,1
861,L88,2016,BWTE,grass,grass,48.49682,-102.405,t,134,13.8,145,16.8,168,145,160,168,1,1
862,L89,2016,BWTE,grass,grass,48.50098,-102.40324,t,139,9,145,9.8,153,145,145,153,1,1
863,L9,2016,MALL,hay,grass,48.72152,-102.80325,t,112,6,129,6,135,129,129,135,1,1
864,L90,2016,NSHO,grass,grass,48.5008,-102.40315,t,133,10.5,145,11.8,160,145,153,160,1,1
865,L91,2016,BWTE,grass,grass,48.50071,-102.40318,t,137,10.8,145,6.8,175,145,168,175,1,1
866,L92,2016,BWTE,grass,grass,48.4998,-102.40324,t,138,12.8,145,12.8,160,145,153,160,1,1
868,L94,2016,BWTE,grass,grass,48.49799,-102.40266,t,139,14,145,19.5,160,145,153,160,1,1
869,L95,2016,BWTE,grass,grass,48.49724,-102.40128,t,136,10,145,14.3,160,145,153,160,1,1
870,L96,2016,BWTE,grass,grass,48.49745,-102.40054,t,139,9,145,16.3,160,145,153,160,1,1
871,L97,2016,BWTE,grass,grass,48.50217,-102.39844,t,133,7.3,145,8.5,153,145,145,153,1,1
872,L98,2016,BWTE,grass,grass,48.49644,-102.39976,t,138,14,145,14.3,153,145,145,153,1,1
873,L99,2016,BWTE,grass,grass,48.49549,-102.39818,t,128,6.5,145,5.8,153,145,145,153,1,1
874,W10,2016,NOPI,grass,low.shrub,48.66739,-102.95454,t,118,3.5,125,13.5,148,125,145,145,0,1
875,W100,2016,NOPI,grass,grass,48.73995,-103.2104,t,150,19,151,21,165,151,157,165,1,1
876,W101,2016,MALL,grass,grass,48.74091,-103.2034,t,143,13,151,15.5,157,151,151,157,1,1
877,W102,2016,MALL,grass,grass,48.153,-102.6827,t,152,16.5,154,17,159,154,154,159,1,1
878,W103,2016,GADW,grass,grass,48.15306,-102.68293,t,145,18,154,20,175,154,168,175,1,1
879,W104,2016,MALL,grass,grass,48.1525,-102.68376,t,146,18,154,20.5,175,154,168,175,1,1
880,W105,2016,BWTE,grass,grass,48.14952,-102.68788,t,143,10,154,11,183,154,176,176,0,1
881,W106,2016,BWTE,grass,grass,48.14938,-102.68795,t,146,6,154,8.5,183,154,175,183,1,1
882,W108,2016,NSHO,grass,grass,48.14782,-102.68494,t,142,7,154,11,175,154,173,173,0,1
883,W109,2016,BWTE,grass,low.shrub,48.14665,-102.68056,t,137,13.5,154,14.5,159,154,154,159,1,1
884,W11,2016,NOPI,grass,grass,48.70348,-103.16862,t,115,11.5,127,15,150,127,144,144,0,1
885,W110,2016,LESC,grass,grass,48.14762,-102.67487,t,143,9.5,154,11,168,154,159,168,1,1
886,W111,2016,GADW,grass,grass,48.15237,-102.66846,t,147,14,154,14,159,154,154,159,1,1
887,W112,2016,GADW,grass,grass,48.14907,-102.67021,t,144,20,154,20,183,154,176,176,0,1
888,W113,2016,MALL,grass,grass,48.14965,-102.67078,t,152,22.5,154,20.5,168,154,159,168,1,1
889,W114,2016,NSHO,grass,grass,48.14913,-102.67152,t,144,17,154,18,183,154,176,176,0,1
890,W115,2016,GADW,grass,grass,48.14956,-102.67128,t,146,14,154,16.5,159,154,154,154,1,1
891,W116,2016,GADW,grass,grass,48.1517,-102.67213,t,144,15.5,154,18,168,154,159,168,1,1
892,W117,2016,NOPI,grass,grass,48.15025,-102.67185,t,148,16.5,154,21,175,154,168,175,1,1
893,W118,2016,GADW,grass,grass,48.14798,-102.67373,t,144,20.5,154,19.5,159,154,154,159,1,1
894,W119,2016,BWTE,grass,grass,48.20988,-102.65561,t,145,7,154,6.5,168,154,159,168,1,1
895,W12,2016,NOPI,hay,grass,48.70446,-103.17027,t,113,10,127,10,138,127,133,138,1,1
896,W120,2016,BWTE,grass,grass,48.67474,-103.16761,t,154,10,155,11,160,155,155,160,1,1
897,W121,2016,BWTE,grass,grass,48.67402,-103.16787,t,143,10,155,12.5,168,155,160,168,1,1
898,W122,2016,NSHO,grass,grass,48.67121,-103.16712,t,146,10,155,11.5,182,155,176,176,0,1
899,W124,2016,BWTE,grass,grass,48.67504,-103.16571,t,149,10.5,155,11,160,155,155,160,1,1
900,W125,2016,MALL,grass,grass,48.6703,-103.1633,t,144,18,155,18.5,160,155,155,160,1,1
901,W126,2016,BWTE,grass,grass,48.67311,-103.16346,t,146,13,155,15.5,168,155,160,168,1,1
902,W127,2016,BWTE,grass,grass,48.67342,-103.16348,t,138,11,155,12.5,168,155,160,168,1,1
903,W128,2016,BWTE,grass,grass,48.67265,-103.163,t,151,12,155,13.5,168,155,160,168,1,1
904,W13,2016,NOPI,grass,grass,48.69973,-103.17141,t,113,8.5,127,10.8,138,127,133,138,1,1
905,W130,2016,NOPI,grass,grass,48.66753,-103.1674,t,144,16.5,155,15,160,155,155,160,1,1
906,W131,2016,GADW,grass,grass,48.6671,-103.16627,t,147,16,155,14.5,182,155,182,182,0,1
907,W132,2016,GADW,grass,grass,48.6665,-102.16645,t,145,17.5,155,19.5,168,155,160,168,1,1
908,W133,2016,BWTE,grass,grass,48.66634,-103.16646,t,145,15.5,155,18,160,155,155,160,1,1
909,W134,2016,GADW,grass,grass,48.6642,-103.16602,t,144,17.5,155,20.5,182,155,178,178,0,1
910,W135,2016,NOPI,grass,grass,48.66261,-103.16607,t,133,15.5,148,15.5,155,148,148,155,1,1
911,W136,2016,NSHO,grass,grass,48.6628,-103.16627,t,144,14.5,155,16,160,155,155,160,1,1
912,W137,2016,NOPI,grass,grass,48.66656,-103.16506,t,148,17.5,155,20,168,155,160,168,1,1
913,W138,2016,BWTE,grass,grass,48.66278,-103.16348,t,146,14,155,16.5,168,155,160,168,1,1
914,W139,2016,GADW,grass,grass,48.66467,-103.16386,t,147,16,155,14.5,160,155,155,160,1,1
915,W140,2016,NSHO,grass,grass,48.66786,-103.16318,t,144,15,155,17,174,155,168,174,1,1
916,W141,2016,BWTE,grass,grass,48.66966,-103.16296,t,129,11,155,12.5,160,155,155,160,1,1
917,W142,2016,BWTE,grass,grass,48.67603,-103.16281,t,142,13.5,155,22.5,182,155,177,177,0,1
918,W143,2016,NSHO,grass,grass,48.67646,-103.16534,t,142,14.5,155,14.5,174,155,168,174,1,1
919,W144,2016,BWTE,grass,grass,48.70167,-103.16952,t,146,13,156,14,183,156,180,180,0,1
920,W145,2016,GADW,hay,grass,48.69863,-103.17194,t,146,14.5,156,16,165,156,156,165,1,1
921,W146,2016,GADW,grass,grass,48.69904,-103.17195,t,149,14,156,20,191,156,181,181,0,1
922,W147,2016,NSHO,hay,grass,48.69821,-103.17436,t,150,12,156,16,165,156,156,165,1,1
923,W148,2016,GADW,hay,grass,48.69674,-103.17452,t,146,11.5,156,13.5,171,156,165,171,1,1
924,W149,2016,GADW,hay,grass,48.69553,-103.17404,t,146,15,156,15.5,171,156,165,171,1,1
925,W15,2016,NOPI,hay,grass,48.69271,-103.16826,t,101,4,127,4,133,127,127,133,1,1
926,W150,2016,BWTE,hay,grass,48.69444,-103.17022,t,141,10.5,156,15.5,165,156,156,165,1,1
927,W151,2016,GADW,hay,grass,48.69712,-103.16893,t,146,11.5,156,0,183,156,179,179,0,1
928,W153,2016,AMWI,grass,grass,48.73433,-103.16639,t,154,15,158,14,186,158,186,186,0,1
929,W154,2016,NSHO,grass,grass,48.73365,-103.16612,t,146,15,158,19.5,186,158,178,178,0,1
930,W155,2016,MALL,grass,grass,48.73169,-103.1659,t,144,16,158,18,166,158,158,166,1,1
931,W156,2016,AMWI,grass,grass,48.73144,-103.16734,t,151,13.5,158,14,166,158,158,166,1,1
932,W157,2016,GADW,grass,grass,48.73199,-103.16811,t,148,26,158,21.5,171,158,166,171,1,1
933,W158,2016,NOPI,grass,grass,48.73384,-103.16945,t,135,18,158,20,171,158,167,167,0,1
934,W159,2016,MALL,grass,grass,48.73472,-103.17033,t,149,24.5,158,20,171,158,166,171,1,1
935,W16,2016,NOPI,hay,grass,48.69645,-103.17562,t,113,4.5,129,12,142,129,134,142,1,1
936,W160,2016,GADW,grass,grass,48.73471,-103.17007,t,145,20,158,20.5,186,158,178,178,0,1
937,W162,2016,NSHO,grass,grass,48.73062,-103.1683,t,153,18.5,158,15,166,158,158,166,1,1
938,W164,2016,GADW,grass,grass,48.73268,-103.17033,t,150,19.5,158,21.5,166,158,158,166,1,1
939,W165,2016,NOPI,grass,grass,48.73386,-103.17062,t,148,19,158,21.5,166,158,158,166,1,1
940,W166,2016,MALL,grass,grass,48.73398,-103.17168,t,152,17.5,157,20.5,166,157,157,166,1,1
941,W167,2016,MALL,grass,grass,48.73368,-103.1715,t,147,19,158,21.5,166,158,158,166,1,1
942,W168,2016,NSHO,grass,grass,48.7323,-103.17101,t,149,18.5,158,20.5,171,158,166,171,1,1
943,W169,2016,GADW,grass,grass,48.73254,-103.17156,t,151,15.5,158,18.5,171,158,166,171,1,1
944,W17,2016,MALL,hay,grass,48.69542,-103.17509,t,117,10.5,129,10.5,134,129,129,134,1,1
945,W171,2016,NOPI,grass,grass,48.34776,-102.70011,t,147,17.5,159,18,168,159,159,168,1,1
946,W172,2016,GADW,hay,grass,48.3474,-102.7013,t,141,15.5,159,16.5,183,159,175,175,0,1
947,W173,2016,GADW,hay,grass,48.34345,-102.70126,t,147,18.5,159,19,183,159,178,178,0,1
948,W175,2016,GADW,hay,grass,48.34537,-102.70203,t,152,13.5,159,15,183,159,182,182,0,1
949,W176,2016,GADW,hay,grass,48.34839,-102.70311,t,143,17,159,22.5,183,159,176,176,0,1
950,W177,2016,MALL,hay,grass,48.34692,-102.7041,t,145,11.5,159,14,183,159,176,176,0,1
951,W178,2016,BWTE,hay,grass,48.34685,-102.70378,t,150,16,159,16.5,183,159,183,183,0,1
952,W18,2016,NOPI,hay,grass,48.6923,-103.17422,t,115,4,129,11.5,151,129,145,145,0,1
953,W180,2016,BWTE,hay,grass,48.34229,-102.70523,t,147,10.5,159,10.5,168,159,159,168,1,1
954,W181,2016,BWTE,hay,grass,48.34232,-102.7055,t,144,17,159,17.5,189,159,177,177,0,1
955,W182,2016,MALL,grass,grass,48.20545,-102.65255,t,153,12,159,9,175,159,168,175,1,1
956,W183,2016,NSHO,grass,grass,48.21053,-102.65269,t,146,8.5,159,9,168,159,159,168,1,1
957,W184,2016,GADW,grass,grass,48.14801,-102.67388,t,151,16.5,159,22.5,175,159,168,175,1,1
958,W185,2016,GADW,grass,grass,48.82095,-103.86305,t,148,16.5,160,15,167,160,160,167,1,1
959,W186,2016,GADW,grass,grass,48.81982,-103.86101,t,151,18,160,15,167,160,160,167,1,1
960,W187,2016,BWTE,grass,grass,48.81581,-103.86015,t,149,17.5,160,14.5,172,160,167,172,1,1
961,W188,2016,GADW,grass,grass,48.84745,-103.88368,t,154,20.5,160,21.5,179,160,172,179,1,1
962,W189,2016,GADW,grass,grass,48.41478,-102.66364,t,154,19.5,161,22.5,188,161,182,182,0,1
963,W19,2016,MALL,grass,grass,48.66861,-103.1673,t,122,16,129,16.5,141,129,134,141,1,1
964,W190,2016,MALL,grass,grass,48.40702,-102.65917,t,156,25,161,21.5,188,161,183,183,0,1
965,W191,2016,GADW,grass,grass,48.69783,-103.23674,t,152,21.5,162,20.5,193,162,187,187,0,1
966,W192,2016,GADW,grass,grass,48.69619,-103.23948,t,150,18,162,18.5,171,162,162,171,1,1
967,W193,2016,GADW,grass,grass,48.69714,-103.23952,t,149,21.5,162,20,186,162,181,181,0,1
968,W194,2016,BWTE,grass,grass,48.69427,-103.24297,t,158,12.5,162,12,200,162,194,194,0,1
969,W195,2016,NSHO,grass,grass,48.69265,-103.23195,t,149,13,162,16.5,171,162,162,171,1,1
970,W196,2016,NSHO,grass,grass,48.69469,-103.23244,t,145,18,162,20.5,171,162,162,171,1,1
971,W197,2016,GADW,grass,grass,48.69502,-103.23278,t,155,17.5,162,20.5,171,162,162,171,1,1
972,W198,2016,GADW,grass,grass,48.69489,-103.22711,t,141,15.5,162,18.5,177,162,175,175,0,1
973,W199,2016,NOPI,hay,grass,48.69244,-103.22526,t,154,18,162,11.5,186,162,177,186,1,1
974,W2,2016,MALL,grass,grass,48.15028,-102.66776,t,112,12.5,121,17.5,154,121,149,149,0,1
975,W20,2016,NOPI,grass,grass,48.74054,-103.20298,t,104,14.5,130,14.5,137,130,130,137,1,1
976,W201,2016,BWTE,grass,grass,48.73834,-103.21346,t,153,15.5,165,17.5,172,165,165,172,1,1
977,W202,2016,GADW,grass,grass,48.74004,-103.21265,t,163,17,165,17.5,190,165,179,190,1,1
978,W203,2016,NSHO,grass,grass,48.73842,-103.21266,t,154,20,165,22.5,172,165,165,172,1,1
979,W204,2016,GADW,grass,grass,48.73626,-103.21194,t,156,19,165,19.5,172,165,165,172,1,1
980,W205,2016,GADW,grass,grass,48.737,-103.2122,t,141,21,165,21.5,172,165,165,172,1,1
981,W206,2016,GADW,grass,grass,48.73924,-103.21207,t,149,20.5,165,20.5,179,165,172,179,1,1
982,W207,2016,GADW,grass,grass,48.74048,-103.21158,t,157,19.5,165,20.5,172,165,165,172,1,1
983,W208,2016,MALL,grass,grass,48.73708,-103.21118,t,158,20,165,20.5,172,165,165,172,1,1
984,W209,2016,GADW,grass,grass,48.73627,-103.21072,t,157,20,165,20.5,172,165,165,172,1,1
985,W21,2016,NOPI,grass,grass,48.73685,-103.21046,t,125,11.5,130,14,144,130,137,144,1,1
986,W210,2016,AMWI,grass,grass,48.73933,-103.2107,t,158,18,165,18.5,190,165,179,190,1,1
987,W211,2016,GADW,grass,grass,48.73957,-103.21091,t,139,23.5,165,24.5,172,165,165,172,1,1
988,W212,2016,GADW,grass,grass,48.73976,-103.21053,t,149,22,165,20.5,172,165,165,172,1,1
989,W213,2016,NOPI,grass,grass,48.73957,-103.21032,t,143,18.5,165,21,179,165,173,173,0,1
990,W214,2016,GADW,grass,grass,48.73949,-103.21037,t,148,20.5,165,21.5,179,165,172,179,1,1
991,W215,2016,MALL,grass,grass,48.73521,-103.20994,t,138,18,165,20,172,165,168,168,0,1
992,W216,2016,MALL,grass,grass,48.73695,-103.21004,t,152,17.5,165,15,172,165,165,172,1,1
993,W218,2016,MALL,grass,grass,48.74027,-103.20988,t,139,20,165,21,172,165,165,172,1,1
994,W219,2016,GADW,grass,grass,48.73797,-103.20942,t,158,21.5,165,22.5,179,165,172,179,1,1
995,W22,2016,MALL,grass,grass,48.74002,-103.21046,t,118,12.5,130,15.5,157,130,152,152,0,1
996,W220,2016,GADW,grass,grass,48.73603,-103.20922,t,155,20,165,20,179,165,172,179,1,1
997,W221,2016,BWTE,grass,grass,48.74088,-103.20814,t,152,12.5,165,12.5,172,165,165,172,1,1
998,W222,2016,GADW,grass,grass,48.73818,-103.2084,t,157,18.5,165,20.5,190,165,184,184,0,1
999,W223,2016,GADW,grass,grass,48.7369,-103.20695,t,150,19.5,165,19.5,179,165,172,179,1,1
1000,W224,2016,NSHO,grass,grass,48.73621,-103.20582,t,158,15.5,165,17.5,190,165,179,190,1,1
1001,W225,2016,BWTE,grass,grass,48.73613,-103.2057,t,151,15.5,165,17.5,190,165,179,190,1,1
1002,W226,2016,BWTE,grass,grass,48.73629,-103.20495,t,138,17.5,166,17.5,179,166,175,175,0,1
1003,W227,2016,GADW,grass,grass,48.73672,-103.20504,t,154,15,165,16.5,190,165,188,188,0,1
1004,W228,2016,BWTE,grass,grass,48.74133,-103.20368,t,156,18.5,165,16.5,190,165,179,190,1,1
1005,W229,2016,GADW,grass,grass,48.73966,-103.20322,t,154,18.5,165,22,190,165,186,186,0,1
1006,W23,2016,NOPI,grass,grass,48.73947,-103.21201,t,102,14,130,14,137,130,130,137,1,1
1007,W230,2016,BWTE,grass,grass,48.7421,-103.2027,t,143,11.5,165,13.5,172,165,165,172,1,1
1008,W231,2016,BWTE,grass,grass,48.73703,-103.20367,t,143,21,165,21.5,172,165,165,172,1,1
1009,W232,2016,MALL,grass,grass,48.73504,-103.2037,t,156,26,165,28,179,165,172,179,1,1
1010,W233,2016,GADW,grass,grass,48.73602,-103.20155,t,159,17,166,17.5,172,166,166,172,1,1
1011,W234,2016,MALL,grass,grass,48.73711,-103.20205,t,161,21,166,19.5,197,166,191,191,0,1
1012,W235,2016,BWTE,grass,grass,48.73919,-103.20205,t,156,14,166,11,172,166,166,172,1,1
1013,W236,2016,GADW,grass,grass,48.73961,-103.2017,t,162,19.5,166,20.5,172,166,166,172,1,1
1014,W237,2016,GADW,grass,grass,48.7409,-103.20129,t,164,18,166,21,190,166,179,190,1,1
1015,W238,2016,MALL,grass,grass,48.74156,-103.20028,t,149,22,166,21,190,166,182,182,0,1
1016,W239,2016,GADW,grass,grass,48.74033,-103.20036,t,156,17.5,166,18.5,172,166,166,172,1,1
1017,W24,2016,NOPI,grass,grass,48.74062,-103.21349,t,124,12,130,12,137,130,130,137,1,1
1018,W240,2016,MALL,grass,grass,48.73978,-103.2001,t,138,21,166,19.5,179,166,173,173,0,1
1019,W241,2016,MALL,grass,grass,48.73547,-103.19943,t,154,16.5,166,24,179,166,172,179,1,1
1020,W242,2016,GADW,grass,grass,48.73715,-103.19976,t,157,21.5,166,20,190,166,179,190,1,1
1021,W243,2016,BWTE,grass,grass,48.73858,-103.19949,t,163,15,166,17.5,172,166,166,172,1,1
1022,W245,2016,GADW,grass,grass,48.74029,-103.19975,t,160,17.5,166,19,172,166,166,172,1,1
1023,W246,2016,GADW,grass,grass,48.73529,-103.19852,t,158,21.5,166,22.5,204,166,198,198,0,1
1024,W248,2016,GADW,grass,grass,48.73866,-103.19821,t,155,18.5,166,16.5,172,166,166,172,1,1
1025,W249,2016,GADW,grass,grass,48.73844,-103.19799,t,160,15,166,18,179,166,172,179,1,1
1026,W25,2016,MALL,grass,grass,48.74057,-103.19885,t,122,10,130,10,137,130,130,137,1,1
1027,W250,2016,GADW,grass,grass,48.73362,-103.16616,t,157,18.5,166,19,193,166,190,190,0,1
1028,W251,2016,GADW,grass,grass,48.7786,-103.19923,t,143,26.5,167,26.5,182,167,176,176,0,1
1029,W252,2016,MALL,grass,grass,48.77959,-103.2019,t,158,20,167,22.5,174,167,167,174,1,1
1030,W253,2016,MALL,grass,grass,48.77999,103.19267,t,160,18,167,18,174,167,167,174,1,1
1031,W254,2016,BWTE,grass,grass,48.78003,-103.199,t,155,17,167,18.5,174,167,167,174,1,1
1032,W255,2016,MALL,grass,grass,48.78005,-103.20065,t,138,14,167,14,174,167,167,174,1,1
1033,W257,2016,GADW,grass,grass,48.78058,-103.19743,t,147,23.5,167,19.5,174,167,167,174,1,1
1034,W258,2016,GADW,grass,grass,48.78048,-103.19917,t,154,17,167,21,190,167,186,186,0,1
1035,W259,2016,GADW,grass,grass,48.78083,-103.20206,t,162,21.5,167,24.5,197,167,192,192,0,1
1036,W26,2016,NSHO,grass,grass,48.6964,-103.23746,t,132,8,133,11,171,133,163,163,0,1
1037,W260,2016,GADW,grass,grass,48.78159,-103.19744,t,150,20,167,19.5,182,167,174,182,1,1
1038,W261,2016,GADW,grass,grass,48.78145,-103.1993,t,151,19,167,17,182,167,174,182,1,1
1039,W262,2016,GADW,grass,grass,48.78189,-103.19966,t,149,24.5,167,23.5,174,167,167,174,1,1
1040,W263,2016,NOPI,hay,grass,48.78219,-103.19987,t,152,22,167,21.5,174,167,167,174,1,1
1041,W264,2016,MALL,hay,grass,48.78384,-103.19186,t,155,22.5,167,22.5,174,167,167,174,1,1
1042,W265,2016,LESC,hay,grass,48.78399,-103.19981,t,160,22,167,16,182,167,174,182,1,1
1043,W266,2016,GADW,hay,grass,48.78452,-103.19739,t,157,27,167,25.5,174,167,167,174,1,1
1044,W267,2016,GADW,hay,grass,48.78483,-103.19911,t,159,22,167,13,182,167,174,182,1,1
1045,W268,2016,GADW,grass,grass,48.66266,-103.16351,t,163,17,168,18,182,168,174,182,1,1
1046,W269,2016,GADW,grass,grass,48.66777,-103.16306,t,158,19.5,168,22.5,174,168,168,174,1,1
1047,W27,2016,BWTE,grass,grass,48.6979,-103.23979,t,132,7,133,12.5,162,133,155,162,1,1
1048,W270,2016,GADW,grass,grass,48.73419,-103.16589,t,169,19,171,18,177,171,171,177,1,1
1049,W271,2016,GADW,grass,grass,48.73287,-103.16553,t,162,17,171,16.5,186,171,177,186,1,1
1050,W272,2016,GADW,grass,grass,48.73414,-103.16512,t,164,15.5,171,16,177,171,171,177,1,1
1051,W273,2016,GADW,grass,grass,48.73332,-103.16861,t,167,20,171,18.5,186,171,177,186,1,1
1052,W274,2016,GADW,grass,grass,48.73463,-103.17017,t,161,28.5,171,25,177,171,171,177,1,1
1053,W275,2016,AMWI,grass,grass,48.73473,-103.17117,t,163,20.5,171,21,200,171,194,194,0,1
1054,W276,2016,BWTE,grass,grass,48.73445,-103.1748,t,160,10.5,171,11,193,171,193,193,0,1
1055,W277,2016,NOPI,grass,grass,48.73391,-103.17319,t,143,18.5,171,22,186,171,178,178,0,1
1056,W278,2016,GADW,grass,grass,48.73047,-103.17172,t,167,15,171,14.5,177,171,171,177,1,1
1057,W279,2016,NSHO,grass,grass,48.72985,-103.17123,t,166,14,171,16.5,186,171,177,186,1,1
1058,W28,2016,BWTE,grass,grass,48.69766,-103.24258,t,131,11,133,16.5,171,133,166,166,0,1
1059,W280,2016,BWTE,grass,grass,48.72787,-103.16877,t,163,11.5,171,12.5,186,171,177,186,1,1
1060,W281,2016,GADW,grass,grass,48.72811,-103.16756,t,165,13.5,171,14.5,177,171,171,177,1,1
1061,W282,2016,GADW,hay,grass,48.8175,-103.86057,t,164,13,172,13,179,172,172,179,1,1
1062,W283,2016,MALL,hay,grass,48.8185,-103.86319,t,164,23,172,22.5,179,172,172,179,1,1
1063,W284,2016,GADW,hay,grass,48.81742,-103.86373,t,163,19,172,17.5,179,172,172,179,1,1
1064,W285,2016,NSHO,hay,grass,48.81826,-103.8642,t,146,8,172,9,179,172,174,174,0,1
1065,W286,2016,GADW,grass,grass,48.84712,-103.89362,t,161,16.5,172,21,179,172,172,179,1,1
1066,W287,2016,GADW,grass,grass,48.84682,-103.89254,t,153,16,172,20.5,186,172,179,186,1,1
1067,W288,2016,LESC,grass,grass,48.73931,-103.20158,t,164,16.5,172,19,179,172,172,179,1,1
1068,W289,2016,LESC,grass,grass,48.73893,-103.20034,t,162,14,172,18.5,179,172,172,179,1,1
1069,W29,2016,BWTE,grass,grass,48.69773,-103.24393,t,128,10.5,133,10.5,139,133,133,139,1,1
1070,W290,2016,GADW,grass,grass,48.4106,-102.66501,t,168,20.5,173,18,180,173,173,180,1,1
1071,W291,2016,GADW,grass,grass,48.41027,-102.66298,t,166,19.5,173,22,180,173,173,180,1,1
1072,W292,2016,GADW,grass,grass,48.41135,-102.66186,t,163,14.5,173,19.5,204,173,195,204,1,1
1073,W293,2016,MALL,grass,grass,48.41229,-102.65794,t,166,18,173,17,180,173,173,180,1,1
1074,W294,2016,BWTE,grass,grass,48.40813,-102.66751,t,165,11.5,173,12,180,173,173,180,1,1
1075,W295,2016,GADW,grass,grass,48.4082,-102.66363,t,158,13,173,15,195,173,189,189,0,1
1076,W296,2016,GADW,grass,grass,48.40772,-102.66666,t,168,17,173,17,204,173,195,204,1,1
1077,W297,2016,GADW,grass,low.shrub,48.4076,-102.66235,t,157,17,173,18.5,195,173,190,190,0,1
1078,W298,2016,MALL,grass,grass,48.4043,-102.66723,t,157,25,173,24.5,180,173,173,180,1,1
1079,W299,2016,GADW,grass,low.shrub,48.40319,-102.66032,t,164,21,173,22.5,180,173,173,180,1,1
1080,W3,2016,MALL,grass,grass,48.1529,-102.67252,t,110,11.5,121,10.5,140,121,135,140,1,1
1081,W30,2016,NOPI,hay,grass,48.69388,-103.23117,t,118,8,133,10.5,155,133,146,146,0,1
1082,W300,2016,GADW,grass,grass,48.4034,-102.66012,t,165,26.5,173,27.5,204,173,198,198,0,1
1083,W301,2016,GADW,grass,grass,48.40284,-102.6614,t,143,28.5,173,27,180,173,176,176,0,1
1084,W302,2016,GADW,grass,grass,48.67239,-103.16602,t,164,18,174,18,190,174,182,190,1,1
1085,W303,2016,BWTE,grass,grass,48.67004,-103.16635,t,167,16,174,18.5,204,174,197,204,1,1
1086,W304,2016,GADW,grass,grass,48.67353,-103.16497,t,170,13.5,174,14.5,197,174,190,197,1,1
1087,W305,2016,GADW,grass,grass,48.67159,-103.16498,t,159,20,174,16,190,174,182,190,1,1
1088,W306,2016,BWTE,grass,grass,48.67024,-103.16546,t,170,15,174,16.5,197,174,190,197,1,1
1089,W307,2016,BWTE,grass,grass,48.66993,-103.16552,t,156,13.5,174,15,182,174,174,182,1,1
1090,W308,2016,BWTE,grass,grass,48.66973,-103.16524,t,169,12.5,174,11.5,190,174,182,190,1,1
1091,W309,2016,GADW,grass,grass,48.67106,-103.16468,t,166,23,174,25,204,174,198,198,0,1
1092,W31,2016,MALL,hay,grass,48.6932,-103.22861,t,123,9,133,9,139,133,133,139,1,1
1093,W310,2016,MALL,grass,grass,48.67147,-103.16273,t,166,27,174,23.5,190,174,182,190,1,1
1094,W311,2016,GADW,grass,grass,48.66719,-103.16787,t,144,19.5,174,18.5,190,174,183,183,0,1
1095,W312,2016,GADW,grass,grass,48.66619,-103.16608,t,167,18.5,174,20,182,174,174,182,1,1
1096,W313,2016,GADW,grass,grass,48.66507,-103.16595,t,167,21.5,174,19,182,174,174,182,1,1
1097,W314,2016,GADW,grass,grass,48.66538,-103.16588,t,165,22,174,23,190,174,182,190,1,1
1098,W315,2016,GADW,grass,grass,48.6683,-103.1638,t,164,21.5,174,21,204,174,200,200,0,1
1099,W316,2016,GADW,grass,grass,48.66405,-103.16396,t,167,21.5,174,20,190,174,182,190,1,1
1100,W317,2016,GADW,grass,grass,48.78,-103.19309,t,164,17.5,174,17,182,174,174,182,1,1
1101,W318,2016,GADW,grass,grass,48.14813,-102.68781,t,160,19.5,175,20,192,175,192,192,0,1
1102,W319,2016,MALL,grass,low.shrub,48.15116,-101.68405,t,146,14.5,175,17.5,192,175,184,184,0,1
1103,W32,2016,MALL,hay,grass,48.69358,-103.22957,t,124,9.5,133,14,155,133,145,155,1,1
1104,W320,2016,MALL,grass,low.shrub,48.14667,-102.68218,t,161,16,175,18,196,175,193,193,0,1
1105,W321,2016,LESC,grass,low.shrub,48.14664,-102.67896,t,168,20.5,175,20,201,175,196,201,1,1
1106,W322,2016,BWTE,grass,grass,48.14721,-102.67516,t,159,16,175,18.5,192,175,183,192,1,1
1107,W323,2016,NSHO,grass,low.shrub,48.14933,-102.68096,t,161,23,175,22.5,196,175,193,193,0,1
1108,W324,2016,NSHO,grass,grass,48.15227,-102.66823,t,163,13,175,14,183,175,175,183,1,1
1109,W325,2016,MALL,grass,grass,48.14991,-102.66833,t,149,20.5,175,22,192,175,183,192,1,1
1110,W326,2016,GADW,grass,grass,48.14866,-102.67222,t,153,20.5,175,18,192,175,186,186,0,1
1111,W327,2016,GADW,grass,grass,48.14837,-102.67248,t,161,19,175,17.5,183,175,175,183,1,1
1112,W328,2016,AMWI,grass,grass,48.38656,-101.9605,t,155,17,176,16.5,192,176,184,192,1,1
1113,W329,2016,GADW,grass,grass,48.38657,-101.95824,t,169,18,176,19.5,202,176,184,202,1,1
1114,W33,2016,NOPI,hay,grass,48.69479,-103.22784,t,114,14,133,14,139,133,133,139,1,1
1115,W330,2016,MALL,grass,mid.wet,48.38631,-101.9536,t,171,21,176,21,184,176,176,184,1,1
1116,W331,2016,GADW,grass,grass,48.38644,-101.95595,t,159,17.5,176,16,202,176,193,193,0,1
1117,W332,2016,AMWI,grass,grass,48.38598,-101.95385,t,168,22.5,176,21,202,176,192,202,1,1
1118,W333,2016,MALL,grass,grass,48.38567,-101.95541,t,168,21.5,176,18.5,202,176,197,197,0,1
1119,W334,2016,MALL,grass,grass,48.38566,-101.95718,t,158,17,176,17.5,192,176,184,192,1,1
1120,W335,2016,MALL,grass,grass,48.38522,-101.96224,t,168,20,176,11.5,192,176,184,192,1,1
1121,W336,2016,GADW,grass,grass,48.38487,-101.9608,t,153,13,176,12.5,184,176,176,184,1,1
1122,W337,2016,MALL,grass,grass,48.38492,-101.96122,t,153,16,176,15,184,176,176,184,1,1
1123,W338,2016,GADW,grass,grass,48.38522,-101.96061,t,170,21.5,176,15,192,176,184,192,1,1
1124,W339,2016,GADW,grass,grass,48.38512,-101.96069,t,164,21,176,17.5,192,176,184,192,1,1
1125,W34,2016,NOPI,grass,grass,48.77908,-103.19138,t,128,17,134,17,141,134,134,141,1,1
1126,W340,2016,LESC,grass,grass,48.38546,-101.95969,t,164,14,176,16,202,176,196,196,0,1
1127,W341,2016,BWTE,grass,grass,48.3826,-101.95393,t,172,15.5,176,14.5,208,176,203,203,0,1
1128,W342,2016,MALL,grass,tall.shrub,48.38399,-101.95238,t,163,31.5,176,31,184,176,176,184,1,1
1129,W343,2016,GADW,grass,low.shrub,48.38433,-101.95216,t,168,18.5,176,19,202,176,202,202,0,1
1130,W344,2016,AMWI,grass,grass,48.38704,-101.95163,t,164,18.5,176,19.5,202,176,193,193,0,1
1131,W345,2016,BWTE,grass,grass,48.38721,-101.95454,t,164,10.5,176,13,202,176,195,195,0,1
1132,W346,2016,NSHO,grass,grass,48.38916,-101.95439,t,168,9.5,176,10,202,176,195,195,0,1
1133,W347,2016,BWTE,grass,grass,48.38787,-101.95757,t,170,13.5,176,15.5,202,176,194,202,1,1
1134,W348,2016,MALL,grass,grass,48.38815,-101.95734,t,171,15,176,17.5,202,176,201,201,0,1
1135,W349,2016,BWTE,grass,grass,48.39669,-101.95766,t,163,15,176,17,184,176,176,184,1,1
1136,W35,2016,MALL,grass,grass,48.78001,-103.20221,t,129,16.5,134,16.5,141,134,134,141,1,1
1137,W350,2016,GADW,grass,grass,48.39617,-101.95801,t,168,13.5,176,14,202,176,194,202,1,1
1138,W351,2016,GADW,grass,grass,48.39617,-101.9581,t,160,13.5,176,15,202,176,195,195,0,1
1139,W352,2016,LESC,grass,grass,48.38732,-101.95787,t,163,17,176,18.5,184,176,176,184,1,1
1140,W353,2016,NSHO,grass,grass,48.38842,-101.9597,t,169,15,176,13,194,176,184,194,1,1
1141,W354,2016,BWTE,grass,grass,48.38902,-101.95948,t,169,10,176,11.5,202,176,194,202,1,1
1142,W356,2016,GADW,grass,grass,48.39518,-101.95915,t,160,16,176,18,184,176,176,184,1,1
1143,W357,2016,MALL,grass,grass,48.39496,-101.95908,t,146,13.5,176,14,184,176,179,179,0,1
1144,W358,2016,GADW,grass,grass,48.39251,-101.95924,t,160,16.5,176,17,184,176,176,184,1,1
1145,W359,2016,NSHO,grass,grass,48.3905,-101.95979,t,168,14,176,15,184,176,176,184,1,1
1146,W36,2016,BWTE,grass,grass,48.78093,-103.20206,t,128,11.5,134,13.5,167,134,163,163,0,1
1147,W360,2016,BWTE,grass,grass,48.39005,-101.96001,t,170,12,176,14,208,176,203,203,0,1
1148,W361,2016,GADW,grass,grass,48.39076,-101.96005,t,160,15,176,15,184,176,176,184,1,1
1149,W362,2016,MALL,grass,grass,48.39322,-101.95972,t,146,21,176,21.5,184,176,178,178,0,1
1150,W364,2016,GADW,grass,tall.shrub,48.38725,-101.96192,t,161,8,176,10.5,194,176,184,194,1,1
1151,W365,2016,GADW,grass,grass,48.38805,-101.96235,t,168,15,176,15.5,194,176,184,194,1,1
1152,W366,2016,MALL,grass,grass,48.39227,-101.96154,t,162,16.5,176,18.5,202,176,196,196,0,1
1153,W367,2016,LESC,grass,grass,48.39243,-101.96127,t,167,20,176,20.5,184,176,176,184,1,1
1154,W368,2016,GADW,grass,grass,48.39154,-101.96209,t,143,21,176,21.5,184,176,178,178,0,1
1155,W369,2016,MALL,grass,grass,48.70295,-103.17074,t,167,11.5,177,13.5,191,177,183,191,1,1
1156,W37,2016,MALL,grass,grass,48.78109,-103.1982,t,127,16.5,134,16.5,141,134,134,141,1,1
1157,W370,2016,BWTE,hay,grass,48.69212,-103.17752,t,160,15.5,177,18,191,177,183,191,1,1
1158,W371,2016,GADW,hay,grass,48.69632,-103.17743,t,161,17,177,18,197,177,192,192,0,1
1159,W372,2016,MALL,hay,grass,48.69608,-103.17704,t,170,15,177,4,208,177,197,208,1,1
1160,W373,2016,GADW,hay,grass,48.69785,-103.17564,t,161,16.5,177,19,197,177,194,194,0,1
1161,W375,2016,LESC,hay,grass,48.69782,-103.17294,t,169,17,177,18.5,197,177,191,197,1,1
1162,W376,2016,LESC,hay,grass,48.69256,-103.1712,t,169,19.5,177,20.5,191,177,183,191,1,1
1163,W377,2016,LESC,hay,grass,48.69435,-103.17023,t,163,16.5,177,18,191,177,183,191,1,1
1164,W378,2016,NSHO,hay,grass,48.69603,-103.16917,t,157,13.5,177,14.5,191,177,186,186,0,1
1165,W379,2016,GADW,hay,grass,48.69508,-103.16824,t,160,14.5,177,13.5,183,177,177,183,1,1
1166,W38,2016,MALL,grass,grass,48.78133,-103.20167,t,126,12,134,13.5,162,134,157,157,0,1
1167,W380,2016,BWTE,grass,grass,48.25591,-102.25002,t,168,13,178,12.5,184,178,178,184,1,1
1168,W381,2016,BWTE,grass,grass,48.25571,-102.25252,t,164,11.5,178,12.5,184,178,178,184,1,1
1169,W382,2016,NOPI,grass,grass,48.2565,-102.24648,t,173,13.5,178,14,184,178,178,184,1,1
1170,W383,2016,GADW,grass,grass,48.26133,-102.25152,t,168,15.5,178,16,202,178,196,202,1,1
1171,W385,2016,GADW,grass,grass,48.26001,-102.25233,t,161,19,178,22,202,178,197,197,0,1
1172,W386,2016,GADW,grass,grass,48.25953,-102.2498,t,168,17.5,178,20,208,178,203,203,0,1
1173,W387,2016,MALL,grass,grass,48.25925,-102.2486,t,153,18,178,17,184,178,181,181,0,1
1174,W389,2016,NSHO,grass,grass,48.26598,-101.85206,t,156,10.5,180,11,189,180,180,189,1,1
1175,W39,2016,MALL,grass,grass,48.78176,-103.19994,t,115,15.5,134,15.5,141,134,134,141,1,1
1176,W390,2016,BWTE,grass,grass,48.26288,-101.85749,t,164,10.5,180,5.5,195,180,189,195,1,1
1177,W391,2016,GADW,grass,grass,48.2647,-101.84772,t,151,27,180,20.5,189,180,184,184,0,1
1178,W392,2016,AGWT,grass,grass,48.25216,-101.85758,t,176,10.5,180,11,195,180,189,195,1,1
1179,W393,2016,GADW,grass,grass,48.24939,-101.85322,t,170,16.5,180,15.5,188,180,180,188,1,1
1180,W394,2016,MALL,grass,grass,48.25023,-101.85147,t,160,15,180,15.5,188,180,180,188,1,1
1181,W396,2016,GADW,grass,grass,48.25341,-101.85038,t,174,15,180,16,188,180,180,188,1,1
1182,W398,2016,BWTE,grass,grass,48.41165,-102.65992,t,158,12,180,10.5,195,180,188,195,1,1
1183,W399,2016,NOPI,grass,grass,48.77907,-103.19183,t,167,16.5,182,20.5,197,182,190,197,1,1
1184,W4,2016,MALL,grass,grass,48.34232,-102.69897,t,113,16,122,13.3,135,122,126,135,1,1
1185,W40,2016,MALL,grass,grass,48.78254,-103.19582,t,132,20,134,20,141,134,134,141,1,1
1186,W400,2016,GADW,grass,grass,48.77917,-103.19795,t,167,18.5,182,21.5,197,182,190,197,1,1
1187,W401,2016,GADW,grass,grass,48.7794,-103.1925,t,161,20,182,15.5,190,182,182,190,1,1
1188,W402,2016,MALL,grass,grass,48.77999,-103.1958,t,177,19,182,21,204,182,197,204,1,1
1189,W403,2016,LESC,grass,grass,48.78196,-103.19541,t,156,16,182,16.5,190,182,182,190,1,1
1190,W404,2016,GADW,grass,grass,48.78187,-103.20032,t,172,14,182,14,197,182,190,197,1,1
1191,W405,2016,AGWT,grass,grass,48.78223,-103.1992,t,172,18.5,182,17.5,197,182,190,197,1,1
1192,W406,2016,MALL,hay,grass,48.78349,-103.19256,t,156,23.5,182,22.5,190,182,182,190,1,1
1193,W407,2016,NOPI,hay,grass,48.78523,-103.19605,t,162,16.5,182,18,197,182,191,191,0,1
1194,W410,2016,NOPI,grass,grass,48.3862,-101.96165,t,169,16.5,184,18.5,202,184,192,202,1,1
1195,W411,2016,MALL,grass,grass,48.38721,-101.95445,t,171,17,184,15,192,184,184,192,1,1
1196,W412,2016,AMWI,grass,grass,48.38596,-101.95383,t,166,20.5,184,13.5,192,184,184,192,1,1
1197,W413,2016,BWTE,grass,grass,48.50837,-102.95203,t,176,9.5,184,9.5,194,184,184,194,1,1
1198,W414,2016,LESC,grass,grass,48.69375,-103.23949,t,174,15.5,186,15.5,193,186,186,193,1,1
1199,W415,2016,NSHO,grass,grass,48.69292,-103.24177,t,176,13.5,186,13,193,186,186,193,1,1
1200,W416,2016,BWTE,grass,grass,48.69139,-103.24419,t,157,9.5,186,9.5,193,186,186,193,1,1
1201,W417,2016,MALL,grass,grass,48.69246,-103.23126,t,181,19,186,20,193,186,186,193,1,1
1202,W418,2016,GADW,grass,grass,48.69341,-103.23019,t,170,15,186,14,193,186,186,193,1,1
1203,W419,2016,GADW,grass,grass,48.69298,-103.22934,t,156,19.5,186,22,193,186,187,187,0,1
1204,W42,2016,MALL,grass,grass,48.15299,-102.68056,t,131,13.5,135,17,148,135,140,148,1,1
1205,W420,2016,GADW,grass,grass,48.69512,-103.22622,t,171,16.5,186,18,200,186,199,199,0,1
1206,W421,2016,GADW,grass,grass,48.69546,-103.22534,t,178,16.5,186,20.5,208,186,207,207,0,1
1207,W422,2016,GADW,grass,grass,48.69461,-103.22446,t,155,18.5,186,19.5,193,186,189,189,0,1
1208,W423,2016,NSHO,grass,grass,48.40199,-102.66059,t,160,14.5,188,15.5,195,188,189,189,0,1
1209,W424,2016,GADW,grass,grass,48.25465,-101.85282,t,164,21,189,6.5,202,189,195,202,1,1
1210,W425,2016,GADW,hay,grass,48.34452,-102.70851,t,158,13,189,15,195,189,190,190,0,1
1211,W426,2016,BWTE,grass,grass,48.20976,-102.65487,t,170,6,189,9.5,208,189,202,202,0,1
1212,W427,2016,MALL,grass,grass,48.73919,-103.20934,t,175,19.5,190,18.5,197,190,190,197,1,1
1213,W428,2016,MALL,grass,grass,48.73764,-103.20845,t,175,20,190,21,197,190,190,197,1,1
1214,W429,2016,LESC,grass,grass,48.74098,-103.2042,t,184,17,190,13,208,190,204,208,1,1
1215,W43,2016,NOPI,grass,grass,48.15032,-102.67081,t,122,13,135,15,154,135,151,151,0,1
1216,W430,2016,LESC,grass,grass,48.73514,-103.20319,t,175,19,190,21,208,190,207,207,0,1
1217,W431,2016,GADW,grass,grass,48.73541,-103.20171,t,162,19.5,190,19.5,197,190,190,197,1,1
1218,W432,2016,GADW,grass,grass,48.74034,-103.20105,t,165,18.5,190,19,204,190,200,200,0,1
1219,W433,2016,GADW,grass,grass,48.74106,-103.19999,t,174,18,190,18,197,190,190,197,1,1
1220,W434,2016,LESC,grass,grass,48.7395,-103.19946,t,165,17.5,190,16,197,190,190,197,1,1
1221,W435,2016,GADW,hay,grass,48.82181,-103.86457,t,170,12.5,191,13,200,191,199,199,0,1
1222,W436,2016,GADW,hay,grass,48.81521,-103.8606,t,173,17.5,191,22.5,200,191,191,200,1,1
1223,W437,2016,MALL,grass,low.shrub,48.38465,-101.95412,t,165,19.5,192,20,208,192,203,203,0,1
1224,W438,2016,MALL,grass,grass,48.38779,-101.9571,t,170,22.5,192,22.5,202,192,192,202,1,1
1225,W439,2016,GADW,grass,grass,48.38901,-101.95368,t,180,15,192,16,202,192,192,202,1,1
1226,W44,2016,MALL,grass,grass,48.14844,-102.67311,t,124,14.5,135,14.5,140,135,135,140,1,1
1227,W440,2016,MALL,grass,grass,48.39249,-101.96,t,163,15.5,194,17,202,194,195,195,0,1
1228,W441,2016,GADW,grass,grass,48.39132,-101.96251,t,175,18.5,194,17.5,202,194,194,202,1,1
1229,W442,2016,LESC,grass,grass,48.26114,-102.25248,t,164,18,196,16,202,196,196,202,1,1
1230,W443,2016,GADW,grass,grass,48.2606,-102.25268,t,168,17.5,196,17,202,196,199,199,0,1
1231,W444,2016,GADW,hay,grass,48.2606,-102.25094,t,180,20.5,196,21.5,211,196,211,211,0,1
1232,W445,2016,GADW,grass,grass,48.16219,-102.10456,t,182,14.5,197,0,216,197,213,213,0,1
1233,W45,2016,MALL,grass,grass,48.73029,-103.16681,t,130,10.5,137,18,158,137,153,158,1,1
1234,W48,2016,MALL,grass,low.shrub,48.66462,-102.94118,t,135,21.5,139,17.5,148,139,144,148,1,1
1235,W49,2016,NOPI,grass,grass,48.34749,-102.69923,t,126,11.5,140,11.5,148,140,140,148,1,1
1236,W5,2016,MALL,grass,grass,48.34186,-102.69916,t,116,13.5,122,13.5,126,122,122,126,1,1
1237,W50,2016,MALL,grass,grass,48.34724,-102.7002,t,135,13.5,140,13.5,148,140,140,148,1,1
1238,W52,2016,MALL,grass,grass,48.34472,-102.70274,t,132,20.5,140,16.5,148,140,140,148,1,1
1239,W53,2016,NSHO,hay,grass,48.34241,-102.70947,t,132,8,140,11.5,168,140,160,160,0,1
1240,W55,2016,NOPI,grass,low.shrub,48.20897,-102.65361,t,125,13.5,140,16.5,159,140,155,155,0,1
1241,W56,2016,NSHO,grass,grass,48.20874,-102.65242,t,132,8.5,140,9.5,148,140,140,148,1,1
1242,W57,2016,BWTE,grass,grass,48.67039,-103.16666,t,137,13,141,16,173,141,170,170,0,1
1243,W58,2016,BWTE,grass,grass,48.67535,-103.16484,t,140,13.5,141,23.5,182,141,175,175,0,1
1244,W59,2016,NSHO,grass,grass,48.67215,-103.16508,t,131,13,141,16.5,168,141,162,162,0,1
1245,W60,2016,NSHO,grass,grass,48.67142,-103.16503,t,133,16.5,141,16.5,148,141,141,148,1,1
1246,W61,2016,BWTE,grass,grass,48.67162,-103.16421,t,131,10.5,141,10.5,148,141,141,148,1,1
1247,W62,2016,NOPI,grass,grass,48.66261,-103.1637,t,125,16,141,18,160,141,156,156,0,1
1248,W63,2016,BWTE,grass,grass,48.70393,-103.16856,t,141,9.5,142,13,150,142,142,150,1,1
1249,W64,2016,BWTE,grass,grass,48.70066,-103.16937,t,132,14,142,15,142,142,142,142,1,1
1250,W66,2016,MALL,grass,grass,48.73666,-103.21197,t,141,18.5,144,18.5,165,144,157,165,1,1
1251,W68,2016,NOPI,grass,grass,48.73733,-103.21148,t,133,15,144,16.5,151,144,144,151,1,1
1252,W69,2016,NOPI,grass,grass,48.73656,-103.21065,t,135,17.5,144,19.5,157,144,151,157,1,1
1253,W7,2016,MALL,other,mid.wet,48.34208,-102.70673,t,118,21.5,122,21.5,126,122,122,126,1,1
1254,W70,2016,NOPI,grass,grass,48.74213,-103.21044,t,131,20,144,20,165,144,160,160,0,1
1255,W71,2016,BWTE,grass,grass,48.74215,-103.2099,t,136,12,144,13.5,165,144,157,165,1,1
1256,W72,2016,MALL,grass,grass,48.7386,-103.2096,t,137,18.5,144,19.5,157,144,151,157,1,1
1257,W73,2016,MALL,grass,grass,48.74111,-103.20893,t,116,11.5,144,12.5,157,144,154,154,0,1
1258,W74,2016,MALL,grass,grass,48.74083,-103.20834,t,113,15,144,14.5,151,144,147,147,0,1
1259,W75,2016,MALL,grass,grass,48.73606,-103.20703,t,138,13.5,144,16,151,144,144,151,1,1
1260,W76,2016,BWTE,grass,grass,48.74084,-103.20427,t,132,20,144,21,151,144,144,151,1,1
1261,W77,2016,MALL,grass,grass,48.73861,-103.20447,t,114,14,144,14,157,144,154,154,0,1
1262,W78,2016,BWTE,grass,grass,48.69161,-103.23867,t,141,8.5,145,12,162,145,155,162,1,1
1263,W79,2016,BWTE,grass,grass,48.69163,-103.23962,t,140,7.5,145,9.5,162,145,155,162,1,1
1264,W8,2016,NOPI,grass,grass,48.20587,-102.65354,t,113,8.5,122,8.5,140,122,135,140,1,1
1265,W80,2016,GADW,grass,grass,48.69808,-103.24049,t,137,10.5,145,12,162,145,155,162,1,1
1266,W81,2016,NSHO,grass,grass,48.69596,-103.24065,t,126,10,145,12.5,162,145,160,160,0,1
1267,W82,2016,BWTE,grass,low.shrub,48.69849,-103.2439,t,135,16.5,145,12,155,145,145,155,1,1
1268,W83,2016,BWTE,grass,grass,48.69173,-103.24426,t,139,9.5,145,14.5,162,145,155,162,1,1
1269,W84,2016,MALL,grass,grass,48.69252,-103.22627,t,144,12,145,14,155,145,145,155,1,1
1270,W85,2016,NSHO,grass,grass,48.69299,-103.22489,t,136,14,145,18,162,145,155,162,1,1
1271,W86,2016,BWTE,hay,grass,48.77924,-103.19281,t,149,13.5,150,13,162,150,156,162,1,1
1272,W87,2016,BWTE,hay,grass,48.77907,-103.19647,t,140,17,150,16,174,150,167,174,1,1
1273,W88,2016,NSHO,hay,grass,48.77928,-103.2022,t,146,14,150,14.5,174,150,167,174,1,1
1274,W9,2016,NOPI,grass,grass,48.20881,-102.6516,t,111,21,122,22.8,135,122,126,135,1,1
1275,W90,2016,GADW,grass,low.shrub,48.78151,-103.1955,t,147,19.5,150,20,174,150,167,174,1,1
1276,W91,2016,BWTE,grass,grass,48.78145,-103.19267,t,141,14,150,16.5,162,150,156,162,1,1
1277,W92,2016,GADW,grass,grass,48.78194,-103.19304,t,142,16,150,17.5,162,150,156,162,1,1
1278,W93,2016,NOPI,hay,grass,48.78308,-103.19559,t,142,13.5,150,15.5,162,150,156,162,1,1
1279,W94,2016,NSHO,hay,grass,48.78303,-103.19352,t,136,11,150,16,167,150,162,167,1,1
1280,W95,2016,BWTE,grass,grass,48.66631,-102.95383,t,142,11.5,151,14.5,167,151,158,167,1,1
1281,W96,2016,NOPI,grass,grass,48.66438,-102.94888,t,144,22.5,151,24.5,188,151,180,180,0,1
1282,W97,2016,BWTE,grass,grass,48.66507,-103.94579,t,139,9.5,151,10,158,151,151,158,1,1
1283,W98,2016,BWTE,grass,low.shrub,48.66606,-102.94574,t,150,9.5,151,13,188,151,182,182,0,1
1284,W99,2016,BWTE,grass,low.shrub,48.66592,-102.94235,t,150,16,151,20,167,151,158,167,1,1
1285,A1,2017,MALL,grass,grass,48.32579,-102.1501,t,114,9.5,123,6.5,133,123,128,133,1,1
1286,A10,2017,MALL,grass,grass,48.32315,-102.15853,t,117,7,123,9.8,143,123,138,143,1,1
1287,A100,2017,MALL,grass,grass,48.63778,-102.60009,t,131,14.8,140,14.8,150,140,145,150,1,1
1288,A101,2017,BWTE,grass,grass,48.63893,-102.59829,t,132,11,140,9.8,150,140,145,150,1,1
1289,A102,2017,BWTE,grass,grass,48.36722,-102.2466,t,128,7.8,140,8.3,148,140,143,148,1,1
1290,A103,2017,BWTE,grass,grass,48.77271,-102.69898,t,139,13.5,141,10,154,141,149,154,1,1
1291,A104,2017,BWTE,grass,grass,48.77491,-102.69832,t,134,7.3,141,9.5,149,141,141,149,1,1
1292,A105,2017,BWTE,grass,grass,48.77634,-102.6973,t,135,6.5,141,9,149,141,141,149,1,1
1293,A106,2017,BWTE,grass,grass,48.77658,-102.6955,t,139,9.3,141,23.8,169,141,161,169,1,1
1294,A107,2017,BWTE,grass,grass,48.77447,-102.69396,t,130,11.3,141,15.8,169,141,161,169,1,1
1295,A108,2017,BWTE,grass,grass,48.77541,-102.6886,t,133,6.8,141,13,175,141,170,170,0,1
1296,A109,2017,MALL,hay,grass,48.32771,-102.15157,t,131,13.5,142,10.5,169,142,163,169,1,1
1297,A11,2017,MALL,grass,grass,48.32149,-102.15799,t,113,9.3,123,7.3,133,123,128,133,1,1
1298,A110,2017,MALL,grass,grass,48.32766,-102.15574,t,126,13.8,142,13,169,142,163,163,0,1
1299,A111,2017,MALL,grass,grass,48.32751,-102.15846,t,136,12.5,142,14.5,163,142,157,163,1,1
1300,A112,2017,AMWI,grass,grass,48.32798,-102.15511,t,133,13,142,17.8,170,142,165,165,0,1
1301,A113,2017,NSHO,grass,grass,48.32856,-102.14954,t,133,8,142,8.8,163,142,157,163,1,1
1302,A114,2017,MALL,grass,grass,48.32849,-102.15495,t,136,11.5,142,15.8,174,142,170,170,0,1
1303,A115,2017,NSHO,grass,grass,48.32884,-102.15752,t,131,11.8,142,15.5,169,142,164,164,0,1
1304,A116,2017,NOPI,grass,grass,48.32898,-102.15347,t,138,14,142,16,169,142,168,168,0,1
1305,A117,2017,AMWI,grass,grass,48.32883,-102.15269,t,136,12.8,142,17,169,142,163,169,1,1
1306,A118,2017,NOPI,grass,grass,48.32872,-102.15228,t,125,12.8,142,10,147,142,142,147,1,1
1307,A119,2017,MALL,grass,grass,48.32927,-102.14963,t,126,13.3,142,16.8,163,142,158,158,0,1
1308,A12,2017,MALL,grass,grass,48.32182,-102.15613,t,115,9.5,123,7.3,143,123,138,143,1,1
1309,A120,2017,AMWI,grass,grass,48.32944,-102.15571,t,131,13,142,16.8,169,142,164,164,0,1
1310,A121,2017,MALL,grass,grass,48.32935,-102.15908,t,129,12,142,13.5,163,142,157,163,1,1
1311,A122,2017,GADW,grass,grass,48.32966,-102.15486,t,132,11.3,142,15.5,174,142,170,170,0,1
1312,A123,2017,MALL,grass,grass,48.32986,-102.15499,t,134,11.8,142,12.3,157,142,152,157,1,1
1313,A124,2017,NSHO,grass,grass,48.32964,-102.15246,t,126,9.8,142,12,163,142,158,158,0,1
1314,A125,2017,NOPI,grass,grass,48.32968,-102.15229,t,129,12.3,142,15.8,163,142,158,158,0,1
1315,A126,2017,MALL,grass,grass,48.32966,-102.15078,t,124,12.3,142,12.8,163,142,161,161,0,1
1316,A127,2017,NOPI,grass,grass,48.32988,-102.15063,t,126,12.8,142,16,157,142,152,157,1,1
1317,A128,2017,AMWI,grass,grass,48.32986,-102.14938,t,132,10.8,142,15.8,169,142,165,165,0,1
1318,A129,2017,MALL,grass,grass,48.33023,-102.15018,t,128,12.5,142,12.8,163,142,159,159,0,1
1319,A13,2017,MALL,grass,grass,48.3232,-102.15446,t,113,9.3,123,7.5,147,123,147,147,0,1
1320,A130,2017,MALL,grass,grass,48.33034,-102.15177,t,136,13,142,15.8,174,142,170,170,0,1
1321,A131,2017,MALL,grass,grass,48.33011,-102.15536,t,128,12.8,142,14.5,163,142,158,158,0,1
1322,A132,2017,NSHO,grass,grass,48.34048,-102.20993,t,127,8.3,142,8.3,148,142,142,148,1,1
1323,A134,2017,NSHO,grass,grass,48.36999,-102.24986,t,137,8.8,143,3.5,148,143,143,148,1,1
1324,A135,2017,BWTE,grass,grass,48.37199,-102.24499,t,135,7.3,143,6.5,153,143,148,153,1,1
1325,A136,2017,BWTE,grass,grass,48.45911,-102.38646,t,134,8,143,9,172,143,166,172,1,1
1326,A137,2017,BWTE,grass,grass,48.45909,-102.39826,t,132,8,143,6.5,154,143,149,154,1,1
1327,A138,2017,NSHO,grass,grass,48.45932,-102.39845,t,134,7,143,7.8,161,143,154,161,1,1
1328,A139,2017,MALL,grass,grass,48.45858,-102.39894,t,132,9.3,143,10.8,166,143,165,165,0,1
1329,A14,2017,MALL,grass,grass,48.32253,-102.15153,t,114,6.3,123,6.5,133,123,128,133,1,1
1330,A140,2017,MALL,grass,grass,48.45765,-102.39608,t,130,9.5,143,11.5,166,143,163,163,0,1
1331,A141,2017,NOPI,grass,grass,48.45868,-102.40125,t,138,8.5,143,4.8,149,143,143,149,1,1
1332,A142,2017,NOPI,grass,grass,48.45907,-102.4015,t,132,8.8,143,6.3,149,143,143,149,1,1
1333,A143,2017,BWTE,grass,grass,48.45809,-102.38645,t,130,5,143,8,166,143,162,162,0,1
1334,A144,2017,NSHO,grass,grass,48.45797,-102.38647,t,131,7.5,143,7.3,166,143,166,166,0,1
1335,A145,2017,BWTE,grass,grass,48.25912,-102.25279,t,139,13.3,143,13.8,158,143,153,158,1,1
1336,A146,2017,MALL,grass,grass,48.3232,-102.15867,t,134,11.5,143,14.8,163,143,157,163,1,1
1337,A147,2017,NSHO,grass,grass,48.04377,-101.79822,t,133,7,143,6,167,143,165,165,0,1
1338,A148,2017,MALL,grass,grass,48.47502,-102.35482,t,134,8,144,5,149,144,144,149,1,1
1339,A149,2017,BWTE,grass,grass,48.47601,-102.35767,t,135,5.3,144,4.8,167,144,161,167,1,1
1340,A15,2017,MALL,grass,grass,48.37027,-102.24998,t,109,9.5,124,11,135,124,130,135,1,1
1341,A150,2017,BWTE,grass,grass,48.48086,-102.35702,t,132,7.3,144,1.5,149,144,144,149,1,1
1342,A151,2017,MALL,grass,grass,48.47897,-102.35819,t,135,13,144,14.5,172,144,168,168,0,1
1343,A152,2017,NSHO,grass,grass,48.481,-102.35899,t,133,9.3,144,8.8,161,144,159,159,0,1
1344,A153,2017,NSHO,grass,grass,48.48544,-102.35533,t,134,10,144,10.3,167,144,161,167,1,1
1345,A154,2017,NSHO,grass,grass,48.48764,-102.35691,t,132,7.3,144,7.8,161,144,154,161,1,1
1346,A155,2017,MALL,grass,grass,48.48283,-102.16022,t,131,8.8,145,12.5,167,145,161,167,1,1
1347,A156,2017,BWTE,grass,grass,48.48482,-102.16087,t,143,6.3,145,3.8,156,145,151,156,1,1
1348,A157,2017,BWTE,grass,grass,48.48355,-102.16307,t,135,7,145,5.8,161,145,156,161,1,1
1349,A159,2017,BWTE,grass,grass,48.48396,-102.16638,t,135,9,145,8,151,145,145,151,1,1
1350,A16,2017,MALL,grass,grass,48.36734,-102.24715,t,105,12.3,124,9.3,148,124,144,144,0,1
1351,A160,2017,BWTE,grass,grass,48.48294,-102.16649,t,138,5.5,145,6.5,174,145,171,171,0,1
1352,A162,2017,BWTE,grass,grass,48.50198,-102.15856,t,120,9.3,145,10,151,145,145,151,1,1
1353,A163,2017,BWTE,grass,grass,48.49955,-102.16058,t,134,6.8,145,7,161,145,156,161,1,1
1354,A164,2017,BWTE,grass,grass,48.49853,-102.15831,t,134,8,145,7.8,151,145,145,151,1,1
1355,A165,2017,BWTE,grass,grass,48.49737,-102.16151,t,136,10,145,11.8,174,145,168,168,0,1
1356,A166,2017,MALL,grass,grass,48.33088,-102.14999,t,125,15,147,14,163,147,158,158,0,1
1357,A167,2017,NOPI,grass,grass,48.33084,-102.15075,t,142,16.3,147,19.8,181,147,177,177,0,1
1358,A168,2017,NSHO,grass,grass,48.33079,-102.15112,t,137,13.5,147,14.8,175,147,174,174,0,1
1359,A169,2017,MALL,grass,grass,48.33055,-102.15124,t,136,11.5,147,12,163,147,157,163,1,1
1360,A17,2017,MALL,grass,grass,48.32781,-102.15446,t,113,7.5,125,5.5,130,125,125,130,1,1
1361,A170,2017,MALL,grass,grass,48.33077,-102.15175,t,143,8.5,147,10.5,163,147,157,163,1,1
1362,A172,2017,MALL,grass,grass,48.33086,-102.15469,t,123,12.8,147,14,157,147,155,155,0,1
1363,A173,2017,GADW,grass,grass,48.33046,-102.15842,t,139,12.8,147,13,175,147,175,175,0,1
1364,A174,2017,BWTE,grass,grass,48.33073,-102.15884,t,145,15.3,147,14.5,157,147,152,157,1,1
1365,A175,2017,MALL,grass,grass,48.3307,-102.15917,t,143,11.5,147,13.3,157,147,152,157,1,1
1366,A176,2017,BWTE,grass,grass,48.33054,-102.15898,t,136,11.5,147,13.5,170,147,166,166,0,1
1367,A177,2017,NSHO,grass,grass,48.33102,-102.15497,t,129,10,147,11.8,163,147,158,158,0,1
1368,A178,2017,NOPI,grass,grass,48.33109,-102.15417,t,129,14.5,147,14.8,170,147,166,166,0,1
1369,A179,2017,NSHO,grass,grass,48.33119,-102.14967,t,145,17.5,147,18.3,170,147,163,170,1,1
1370,A18,2017,MALL,grass,grass,48.3278,-102.15656,t,121,8.5,125,11.3,142,125,137,142,1,1
1371,A180,2017,NSHO,grass,grass,48.3319,-102.1505,t,140,14,147,18.8,163,147,157,163,1,1
1372,A181,2017,NSHO,grass,grass,48.33175,-102.15456,t,138,10.3,147,9.8,175,147,171,171,0,1
1373,A182,2017,MALL,grass,grass,48.33181,-102.15502,t,143,8.3,147,12.3,163,147,157,163,1,1
1374,A183,2017,MALL,grass,grass,48.33149,-102.15878,t,143,12.8,147,15.5,181,147,175,175,0,1
1375,A184,2017,BWTE,grass,grass,48.33215,-102.16002,t,137,9.5,147,9,175,147,172,172,0,1
1376,A186,2017,NSHO,grass,grass,48.33244,-102.1571,t,132,7.5,147,7.3,163,147,163,163,0,1
1377,A187,2017,NSHO,grass,grass,48.33329,-102.15311,t,129,10.8,147,13.3,170,147,164,164,0,1
1378,A188,2017,MALL,grass,low.shrub,48.33332,-102.15993,t,127,20.5,147,16.3,152,147,147,152,1,1
1379,A19,2017,MALL,grass,grass,48.32843,-102.15127,t,112,10.5,125,11.3,137,125,130,137,1,1
1380,A190,2017,MALL,grass,grass,48.33379,-102.15228,t,131,14.5,147,14.8,163,147,158,158,0,1
1381,A191,2017,NOPI,grass,forb,48.33388,-102.15182,t,135,13.3,147,21.3,163,147,157,163,1,1
1382,A192,2017,MALL,grass,grass,48.33409,-102.14977,t,135,12.8,147,9.5,163,147,157,163,1,1
1383,A193,2017,NOPI,grass,grass,48.33396,-102.14928,t,137,9.3,147,7,152,147,147,152,1,1
1384,A194,2017,BWTE,grass,grass,48.33416,-102.15928,t,140,6.5,147,10.8,181,147,176,176,0,1
1385,A195,2017,GADW,grass,grass,48.3234,-102.15562,t,137,8.8,147,9.5,174,147,172,172,0,1
1386,A196,2017,MALL,grass,grass,48.33027,-102.15548,t,140,14.3,147,16.8,174,147,173,173,0,1
1387,A197,2017,MALL,grass,grass,48.32627,-102.15746,t,138,10.5,147,16,169,147,168,168,0,1
1388,A198,2017,NSHO,grass,grass,48.32196,-102.14515,t,140,12.5,148,15.5,158,148,153,158,1,1
1389,A199,2017,NSHO,grass,grass,48.32591,-102.14355,t,137,10.3,148,11.8,175,148,170,170,0,1
1390,A2,2017,MALL,grass,grass,48.32483,-102.15073,t,114,11.3,123,10,138,123,133,138,1,1
1391,A20,2017,MALL,grass,grass,48.32851,-102.15437,t,121,13,125,10.3,130,125,125,130,1,1
1392,A200,2017,MALL,grass,grass,48.32486,-102.14315,t,139,12.5,148,13.5,175,148,170,170,0,1
1393,A202,2017,NSHO,grass,grass,48.32297,-102.14106,t,143,12.5,148,11,170,148,163,170,1,1
1394,A203,2017,MALL,grass,grass,48.32285,-102.1397,t,124,8,148,7.8,153,148,148,153,1,1
1395,A204,2017,BWTE,grass,grass,48.32125,-102.13996,t,131,8.3,148,6,153,148,148,153,1,1
1396,A205,2017,NSHO,grass,grass,48.32067,-102.1448,t,141,10,148,10.8,158,148,153,158,1,1
1397,A206,2017,NSHO,grass,grass,48.26167,-102.24779,t,125,10.3,148,13.5,158,148,153,158,1,1
1398,A207,2017,BWTE,grass,grass,48.26188,-102.24999,t,143,7.3,148,10,158,148,153,158,1,1
1399,A208,2017,GADW,grass,grass,48.262,-102.25211,t,132,13.3,148,14.3,171,148,166,166,0,1
1400,A209,2017,BWTE,grass,grass,48.26191,-102.25238,t,137,11.8,148,17,171,148,170,170,0,1
1401,A21,2017,MALL,grass,grass,48.32889,-102.15006,t,121,9.3,125,13,137,125,130,137,1,1
1402,A210,2017,MALL,grass,grass,48.26145,-102.25098,t,133,13.3,148,14,165,148,164,164,0,1
1403,A211,2017,MALL,grass,grass,48.26143,-102.2502,t,136,10,148,13.5,165,148,158,165,1,1
1404,A212,2017,NOPI,grass,grass,48.26122,-102.24776,t,137,8.8,148,13.5,165,148,158,165,1,1
1405,A213,2017,GADW,grass,grass,48.26114,-102.24899,t,139,12,148,18.5,177,148,171,177,1,1
1406,A214,2017,BWTE,grass,grass,48.26127,-102.2494,t,141,8.3,148,8.8,177,148,172,172,0,1
1407,A215,2017,MALL,grass,grass,48.26034,-102.24633,t,139,18.3,148,12.8,153,148,148,153,1,1
1408,A216,2017,BWTE,grass,grass,48.26054,-102.2521,t,133,14,148,15,158,148,153,158,1,1
1409,A217,2017,GADW,grass,grass,48.25986,-102.25098,t,136,10.5,148,12.5,165,148,158,165,1,1
1410,A218,2017,MALL,grass,grass,48.25966,-102.25139,t,134,13,148,15,158,148,153,158,1,1
1411,A219,2017,AMWI,grass,grass,48.25922,-102.24657,t,139,9.3,148,11.3,177,148,173,173,0,1
1412,A220,2017,MALL,grass,grass,48.2589,-102.24685,t,136,8.3,148,9.3,171,148,167,167,0,1
1413,A221,2017,MALL,grass,grass,48.25888,-102.25235,t,133,9.5,148,11.5,153,148,148,153,1,1
1414,A222,2017,GADW,grass,grass,48.25907,-102.25372,t,140,8.5,148,11,177,148,173,173,0,1
1415,A223,2017,BWTE,grass,grass,48.25896,-102.25594,t,139,6,148,8.3,177,148,173,173,0,1
1416,A224,2017,BWTE,grass,grass,48.25832,-102.24907,t,134,6.5,149,6.5,177,149,172,177,1,1
1417,A225,2017,MALL,grass,grass,48.25731,-102.24686,t,141,14.3,149,18,172,149,171,171,0,1
1418,A226,2017,BWTE,grass,grass,48.25671,-102.24871,t,138,9.3,149,10.3,172,149,171,171,0,1
1419,A227,2017,BWTE,grass,grass,48.25647,-102.24796,t,128,12.3,149,10.5,165,149,161,161,0,1
1420,A228,2017,BWTE,grass,grass,48.25502,-102.24648,t,139,10.5,149,14,172,149,171,171,0,1
1421,A229,2017,BWTE,grass,grass,48.25689,-102.25413,t,140,10,149,12,177,149,174,174,0,1
1422,A23,2017,MALL,grass,grass,48.32943,-102.15057,t,123,8.5,125,9,130,125,125,130,1,1
1423,A230,2017,BWTE,grass,grass,48.23315,-102.55154,t,131,5.8,149,6.8,166,149,160,166,1,1
1424,A231,2017,BWTE,grass,grass,48.23524,-102.5508,t,136,7,149,10.8,171,149,168,168,0,1
1425,A232,2017,MALL,grass,grass,48.23723,-102.54887,t,139,8,149,8,154,149,149,154,1,1
1426,A235,2017,BWTE,grass,forb,47.88336,-101.59335,t,143,10.5,150,14.5,167,150,162,167,1,1
1427,A237,2017,BWTE,grass,grass,47.881,-101.59087,t,139,6,150,10.3,178,150,174,174,0,1
1428,A238,2017,BWTE,grass,grass,47.88041,-101.58311,t,143,5.5,150,5.3,162,150,157,162,1,1
1429,A239,2017,BWTE,grass,grass,47.87995,-101.58617,t,138,7.3,150,5.8,173,150,167,173,1,1
1430,A24,2017,MALL,grass,grass,48.32933,-102.15118,t,123,8.5,125,9.5,137,125,130,137,1,1
1431,A240,2017,BWTE,grass,grass,47.8775,-101.5864,t,143,6.3,150,7.5,157,150,150,157,1,1
1432,A242,2017,BWTE,grass,grass,47.87754,-101.59172,t,136,5.8,150,3.3,173,150,169,169,0,1
1433,A244,2017,BWTE,grass,grass,48.2477,-101.85609,t,149,9.8,151,11,167,151,162,167,1,1
1434,A245,2017,BWTE,grass,grass,48.24894,-101.85574,t,144,7,151,9.5,157,151,151,157,1,1
1435,A248,2017,BWTE,grass,grass,48.25063,-101.85496,t,142,10.3,151,12.5,167,151,162,167,1,1
1436,A249,2017,BWTE,grass,grass,48.24698,-101.85302,t,143,8.3,151,6.5,167,151,162,167,1,1
1437,A25,2017,MALL,grass,grass,48.32935,-102.15366,t,121,10.8,125,9.5,130,125,125,130,1,1
1438,A250,2017,BWTE,grass,grass,48.24903,-101.8518,t,135,9.3,151,12,172,151,168,168,0,1
1439,A251,2017,BWTE,grass,grass,48.26221,-101.85545,t,140,17.3,151,20.3,179,151,175,175,0,1
1440,A252,2017,NSHO,grass,grass,48.26445,-101.85365,t,142,9.3,151,9.8,167,151,162,167,1,1
1441,A253,2017,BWTE,grass,grass,48.2643,-101.85514,t,148,3.8,151,2.8,179,151,174,179,1,1
1442,A255,2017,MALL,grass,grass,48.2655,-101.85026,t,138,14.8,151,18.5,167,151,162,167,1,1
1443,A256,2017,BWTE,grass,grass,48.26561,-101.8494,t,143,8.3,151,8.5,157,151,151,157,1,1
1444,A257,2017,MALL,grass,grass,48.26403,-101.85003,t,144,15,151,14.8,162,151,157,162,1,1
1445,A258,2017,BWTE,grass,grass,48.26485,-101.8515,t,137,13.3,151,13.8,157,151,151,157,1,1
1446,A259,2017,BWTE,grass,grass,48.26379,-101.85195,t,142,10.8,151,10.5,162,151,157,162,1,1
1447,A26,2017,MALL,grass,grass,48.32939,-102.15605,t,112,9.8,125,10.5,142,125,137,142,1,1
1448,A261,2017,MALL,grass,grass,47.88453,-101.59046,t,141,13,150,13.3,157,150,150,157,1,1
1449,A262,2017,BWTE,grass,grass,48.26511,-101.85457,t,150,7.8,152,7.3,162,152,157,162,1,1
1450,A263,2017,BWTE,grass,grass,48.26669,-101.84799,t,142,9,152,10,162,152,157,162,1,1
1451,A264,2017,BWTE,grass,grass,48.26735,-101.85435,t,143,9.5,152,11.3,179,152,175,175,0,1
1452,A265,2017,NSHO,grass,grass,48.2672,-101.8562,t,130,8,152,6,174,152,168,168,0,1
1453,A266,2017,BWTE,grass,grass,48.26807,-101.85071,t,146,7.8,152,7.5,167,152,162,167,1,1
1454,A267,2017,MALL,grass,grass,48.15608,-102.10572,t,143,14,152,15.8,169,152,163,169,1,1
1455,A268,2017,MALL,grass,grass,48.15821,-102.10409,t,142,14.8,152,13,163,152,158,163,1,1
1456,A269,2017,MALL,grass,grass,48.15898,-102.10391,t,143,14.8,152,11,175,152,175,175,0,1
1457,A270,2017,MALL,grass,grass,48.15881,-102.10347,t,138,14.3,152,12,175,152,170,170,0,1
1458,A271,2017,NSHO,grass,grass,48.15657,-102.10361,t,141,9,152,5.8,163,152,158,163,1,1
1459,A272,2017,NSHO,grass,grass,48.15841,-102.10218,t,135,8.8,152,8.5,175,152,171,171,0,1
1460,A273,2017,NSHO,grass,grass,48.32948,-102.15491,t,137,11.8,152,12.8,174,152,170,170,0,1
1461,A274,2017,GADW,grass,grass,48.32785,-102.1552,t,138,14.5,152,14.5,174,152,169,174,1,1
1462,A276,2017,BWTE,grass,grass,48.15775,-102.13724,t,140,5,153,4.3,175,153,172,172,0,1
1463,A277,2017,NSHO,grass,grass,48.15763,-102.13744,t,129,5.3,153,5.3,163,153,162,162,0,1
1464,A280,2017,BWTE,grass,forb,48.15625,-102.12912,t,145,13.8,153,14.8,181,153,175,181,1,1
1465,A281,2017,BWTE,grass,grass,48.26113,-102.2492,t,126,6.5,153,7.8,165,153,159,159,0,1
1466,A282,2017,MALL,grass,forb,48.32195,-102.14935,t,123,10,153,9.3,158,153,155,155,0,1
1467,A283,2017,NOPI,grass,forb,48.32193,-102.14928,t,145,10,153,12.8,169,153,163,169,1,1
1468,A284,2017,AMWI,grass,forb,48.32194,-102.14915,t,145,16.3,153,24.3,169,153,163,169,1,1
1469,A285,2017,NSHO,grass,forb,48.32197,-102.1491,t,142,14.3,153,15.3,175,153,169,175,1,1
1470,A286,2017,MALL,grass,grass,48.09641,-102.39793,t,147,19.5,154,20.3,177,154,176,176,0,1
1471,A287,2017,BWTE,grass,forb,48.09679,-102.39896,t,145,17.3,154,20.3,177,154,177,177,0,1
1472,A288,2017,BWTE,grass,grass,48.0961,-102.39951,t,139,13.5,154,17.3,171,154,167,167,0,1
1473,A289,2017,BWTE,grass,grass,48.10048,-102.3998,t,141,9.3,154,10.5,183,154,178,178,0,1
1474,A29,2017,MALL,grass,grass,48.32976,-102.14993,t,118,10.5,125,10.3,157,125,153,153,0,1
1475,A290,2017,NOPI,grass,grass,48.10228,-102.40071,t,138,13.5,154,17.3,171,154,170,170,0,1
1476,A291,2017,NSHO,grass,low.shrub,48.10215,-102.40109,t,137,25.8,154,28.8,166,154,160,166,1,1
1477,A292,2017,MALL,grass,grass,48.09694,-102.40092,t,134,11.8,154,14,171,154,167,167,0,1
1478,A293,2017,AMWI,grass,low.shrub,48.09992,-102.40619,t,145,15.5,154,17.8,166,154,160,166,1,1
1479,A294,2017,BWTE,grass,grass,48.09598,-102.40672,t,135,11,154,11,171,154,167,167,0,1
1480,A295,2017,BWTE,grass,grass,48.09914,-102.40543,t,138,6,154,8.5,166,154,160,166,1,1
1481,A296,2017,BWTE,grass,grass,48.09673,-102.40311,t,139,6.3,154,6.8,166,154,160,166,1,1
1482,A297,2017,BWTE,grass,grass,48.09897,-102.40337,t,137,7,154,8.5,166,154,160,166,1,1
1483,A298,2017,BWTE,grass,short.wet,48.05198,-101.80042,t,150,10.3,156,12,167,156,162,167,1,1
1484,A299,2017,BWTE,grass,grass,48.0506,-101.8037,t,127,7,156,8,167,156,163,163,0,1
1485,A3,2017,MALL,grass,grass,48.3263,-102.15212,t,115,13.8,123,6.8,128,123,123,128,1,1
1486,A30,2017,NOPI,grass,grass,48.33077,-102.15993,t,120,11.5,125,6.5,130,125,125,130,1,1
1487,A300,2017,NSHO,grass,grass,48.04915,-101.80004,t,137,10,156,10.5,172,156,167,172,1,1
1488,A301,2017,BWTE,grass,grass,48.05205,-101.80859,t,142,12.5,156,10.5,172,156,172,172,0,1
1489,A302,2017,BWTE,grass,grass,48.0466,-101.80475,t,146,6.3,156,4.8,178,156,172,178,1,1
1490,A303,2017,NSHO,grass,grass,48.04703,-101.80996,t,149,9.3,156,9.3,178,156,172,178,1,1
1491,A304,2017,NSHO,grass,grass,48.0467,-101.80928,t,148,8.3,156,8,183,156,179,179,0,1
1492,A305,2017,MALL,grass,low.shrub,48.04356,-101.80524,t,139,24,156,24.5,167,156,162,167,1,1
1493,A306,2017,NSHO,grass,grass,48.04038,-101.80621,t,134,7.8,156,8.8,172,156,167,172,1,1
1494,A307,2017,NOPI,grass,grass,48.0406,-101.80363,t,135,3.3,156,3.5,162,156,156,162,1,1
1495,A308,2017,NSHO,grass,grass,48.04036,-101.79936,t,141,9.8,156,10.3,167,156,162,167,1,1
1496,A309,2017,BWTE,grass,grass,48.04074,-101.80099,t,153,7.5,156,6.3,172,156,167,172,1,1
1497,A31,2017,MALL,grass,grass,48.45905,-102.39055,t,102,16.8,125,8.3,137,125,137,137,0,1
1498,A310,2017,GADW,grass,grass,48.04098,-101.80458,t,147,13,156,14.3,183,156,181,181,0,1
1499,A311,2017,BWTE,grass,grass,48.04142,-101.80176,t,136,7,156,6.5,162,156,156,162,1,1
1500,A312,2017,GADW,grass,grass,48.04277,-101.79742,t,147,13.5,156,12.8,162,156,156,162,1,1
1501,A313,2017,NOPI,grass,low.shrub,48.04478,-101.80212,t,141,12,156,15.5,167,156,162,167,1,1
1502,A314,2017,AMWI,grass,low.shrub,48.04503,-101.80161,t,130,20,156,19,172,156,168,168,0,1
1503,A315,2017,NOPI,grass,grass,48.04499,-101.80167,t,151,7,156,7.5,183,156,183,183,0,1
1504,A316,2017,LESC,grass,grass,48.04462,-101.79649,t,145,7.8,156,8.3,183,156,181,181,0,1
1505,A317,2017,NOPI,grass,grass,48.32803,-102.15017,t,144,18.5,157,20.3,179,157,176,176,0,1
1506,A318,2017,MALL,grass,grass,48.32804,-102.15007,t,151,11.3,157,18.5,169,157,163,169,1,1
1507,A319,2017,GADW,grass,grass,48.32779,-102.15054,t,142,16,157,14.8,174,157,173,173,0,1
1508,A32,2017,MALL,grass,grass,48.45915,-102.39567,t,122,16,125,8.8,142,125,137,142,1,1
1509,A320,2017,GADW,grass,grass,48.32769,-102.1522,t,136,11,157,8,174,157,174,174,0,1
1510,A321,2017,MALL,grass,grass,48.32785,-102.15226,t,132,10.8,157,13,169,157,164,164,0,1
1511,A322,2017,GADW,grass,grass,48.32799,-102.15269,t,148,12.3,157,11,184,157,181,181,0,1
1512,A323,2017,GADW,grass,grass,48.32784,-102.15424,t,151,13.3,157,13.8,184,157,179,184,1,1
1513,A324,2017,MALL,grass,grass,48.32779,-102.15436,t,141,14.5,157,16.5,169,157,163,169,1,1
1514,A325,2017,AMWI,grass,grass,48.32779,-102.15522,t,149,16.8,157,19.3,163,157,157,163,1,1
1515,A326,2017,MALL,grass,grass,48.32784,-102.15532,t,131,17.5,157,18.3,163,157,162,162,0,1
1516,A327,2017,NSHO,grass,grass,48.32754,-102.15972,t,153,11.3,157,9,189,157,184,184,0,1
1517,A328,2017,MALL,grass,grass,48.3279,-102.15698,t,144,16,157,16.5,163,157,157,163,1,1
1518,A329,2017,GADW,grass,grass,48.32849,-102.15006,t,145,15,157,17.3,184,157,180,180,0,1
1519,A33,2017,MALL,grass,grass,48.45731,-102.39439,t,117,11.3,125,9,130,125,125,130,1,1
1520,A330,2017,GADW,grass,grass,48.32855,-102.15178,t,146,11.3,157,12.5,184,157,182,182,0,1
1521,A331,2017,MALL,grass,grass,48.32859,-102.15206,t,148,16.5,157,15,169,157,163,169,1,1
1522,A332,2017,BWTE,grass,grass,48.3283,-102.15394,t,150,10.3,157,8.3,174,157,169,174,1,1
1523,A333,2017,NOPI,grass,grass,48.32867,-102.15421,t,142,18.3,157,15,163,157,157,163,1,1
1524,A334,2017,GADW,grass,grass,48.32849,-102.15454,t,147,12,157,18,184,157,182,182,0,1
1525,A335,2017,GADW,grass,grass,48.32848,-102.15458,t,145,16.5,157,17,179,157,174,179,1,1
1526,A336,2017,GADW,grass,grass,48.32855,-102.15527,t,144,17,157,19.8,184,157,179,179,0,1
1527,A337,2017,MALL,grass,grass,48.32822,-102.15522,t,146,17.3,157,20,184,157,181,181,0,1
1528,A338,2017,MALL,grass,grass,48.3285,-102.15651,t,139,12,157,14,174,157,172,172,0,1
1529,A339,2017,MALL,grass,grass,48.3283,-102.15705,t,147,21,157,19,179,157,175,175,0,1
1530,A34,2017,MALL,grass,grass,48.45876,-102.4005,t,119,17.3,125,8,149,125,148,148,0,1
1531,A340,2017,NSHO,grass,grass,48.32871,-102.15775,t,144,11,157,14.5,179,157,176,176,0,1
1532,A341,2017,GADW,grass,grass,48.3288,-102.15662,t,137,13.3,157,15,169,157,163,169,1,1
1533,A342,2017,GADW,grass,grass,48.32867,-102.15641,t,141,10.5,157,13.5,179,157,175,175,0,1
1534,A343,2017,MALL,grass,grass,48.32899,-102.15616,t,149,13.8,157,14.5,184,157,180,180,0,1
1535,A344,2017,GADW,grass,grass,48.32899,-102.15523,t,146,16,157,14.8,184,157,181,181,0,1
1536,A345,2017,MALL,grass,grass,48.32899,-102.15385,t,140,18.3,157,19.5,174,157,173,173,0,1
1537,A346,2017,AMWI,grass,forb,48.32893,-102.15393,t,148,19,157,21.5,169,157,163,169,1,1
1538,A347,2017,NOPI,grass,grass,48.32906,-102.15274,t,141,20,157,21,163,157,157,163,1,1
1539,A349,2017,GADW,grass,grass,48.32866,-102.15126,t,141,17.5,157,14.8,184,157,179,179,0,1
1540,A35,2017,MALL,grass,grass,48.45882,-102.40059,t,115,16,125,7.8,149,125,142,149,1,1
1541,A350,2017,MALL,grass,grass,48.3289,-102.151,t,137,16.8,157,18,179,157,174,174,0,1
1542,A351,2017,MALL,grass,grass,48.32888,-102.15071,t,135,15.8,157,16.8,169,157,168,168,0,1
1543,A352,2017,GADW,grass,grass,48.32889,-102.14973,t,149,16.3,157,19.8,184,157,179,184,1,1
1544,A353,2017,NOPI,grass,grass,48.32952,-102.14997,t,145,14.3,157,16,179,157,175,175,0,1
1545,A354,2017,GADW,grass,grass,48.32936,-102.15064,t,147,12,157,12.5,184,157,182,182,0,1
1546,A355,2017,GADW,grass,grass,48.32962,-102.15258,t,146,13.8,157,16,184,157,180,180,0,1
1547,A356,2017,GADW,grass,grass,48.32936,-102.15234,t,146,15.5,157,13.3,174,157,169,174,1,1
1548,A357,2017,NOPI,grass,grass,48.32941,-102.15284,t,146,14.3,157,14.5,179,157,175,175,0,1
1549,A358,2017,NOPI,grass,forb,48.32928,-102.15294,t,153,20.5,157,20.8,179,157,174,179,1,1
1550,A359,2017,NOPI,grass,grass,48.32942,-102.15307,t,147,13.5,157,12.3,174,157,169,174,1,1
1551,A36,2017,MALL,grass,grass,48.47581,-102.35511,t,121,9,126,6.5,131,126,126,131,1,1
1552,A360,2017,GADW,grass,grass,48.3292,-102.15331,t,138,16.3,157,15.3,163,157,157,163,1,1
1553,A361,2017,GADW,grass,grass,48.32946,-102.15325,t,134,15.5,157,15.8,169,157,163,169,1,1
1554,A362,2017,AMWI,grass,forb,48.32921,-102.15325,t,142,18.5,157,18.3,163,157,157,163,1,1
1555,A363,2017,MALL,grass,grass,48.32948,-102.1544,t,151,14.5,157,17.3,179,157,174,179,1,1
1556,A364,2017,NOPI,grass,grass,48.32947,-102.15451,t,144,14.8,157,14,163,157,157,163,1,1
1557,A365,2017,NOPI,grass,grass,48.32909,-102.15898,t,151,14,157,16,184,157,180,180,0,1
1558,A366,2017,GADW,grass,grass,48.3296,-102.15816,t,141,17.8,157,16.8,179,157,178,178,0,1
1559,A367,2017,GADW,grass,grass,48.32988,-102.15811,t,150,15.5,157,13.8,184,157,181,181,0,1
1560,A368,2017,AMWI,grass,grass,48.33006,-102.15687,t,147,12.8,157,13.8,184,157,182,182,0,1
1561,A369,2017,MALL,grass,grass,48.32976,-102.15624,t,150,17.5,157,19.5,184,157,180,180,0,1
1562,A37,2017,MALL,grass,grass,48.47631,-102.35423,t,118,10,126,8,131,126,126,131,1,1
1563,A370,2017,GADW,grass,grass,48.32973,-102.15529,t,147,14,157,13.5,184,157,180,180,0,1
1564,A371,2017,NOPI,grass,grass,48.3298,-102.15538,t,145,12.5,157,14.5,179,157,175,175,0,1
1565,A372,2017,GADW,grass,grass,48.32976,-102.1537,t,140,18,157,18.8,169,157,163,169,1,1
1566,A373,2017,MALL,grass,grass,48.32994,-102.15321,t,145,15.5,157,14.8,184,157,180,180,0,1
1567,A374,2017,BWTE,grass,grass,48.32985,-102.15307,t,143,11.5,157,9.3,179,157,176,176,0,1
1568,A375,2017,GADW,grass,grass,48.32983,-102.15237,t,145,13.5,157,15.8,184,157,180,180,0,1
1569,A376,2017,MALL,grass,grass,48.32992,-102.15206,t,147,18.3,157,15,179,157,177,177,0,1
1570,A378,2017,GADW,grass,grass,48.325,-102.15801,t,146,14,157,11.5,179,157,174,179,1,1
1571,A379,2017,GADW,grass,grass,48.33036,-102.15019,t,153,12.8,158,12.5,189,158,186,186,0,1
1572,A38,2017,MALL,grass,grass,48.47493,-102.35426,t,121,3,126,4.8,131,126,126,131,1,1
1573,A380,2017,NSHO,grass,grass,48.33019,-102.15053,t,148,15,158,17.3,184,158,181,181,0,1
1574,A381,2017,NOPI,grass,grass,48.33018,-102.15184,t,141,17,158,15.3,179,158,176,176,0,1
1575,A382,2017,LESC,grass,grass,48.33022,-102.15218,t,151,16.5,158,14,184,158,179,184,1,1
1576,A383,2017,MALL,grass,grass,48.33025,-102.15247,t,143,12.5,158,12.5,179,158,176,176,0,1
1577,A384,2017,NOPI,grass,grass,48.33036,-102.15463,t,153,16.5,158,16.8,184,158,181,181,0,1
1578,A385,2017,LESC,grass,grass,48.33001,-102.15665,t,148,10.8,158,13.3,184,158,184,184,0,1
1579,A386,2017,BWTE,grass,grass,48.64567,-102.56784,t,142,9.8,161,13.8,176,161,175,175,0,1
1580,A388,2017,BWTE,grass,grass,48.64555,-102.56841,t,147,11.5,161,14,186,161,182,182,0,1
1581,A389,2017,GADW,grass,forb,48.64149,-102.57105,t,153,19,161,17.3,193,161,187,187,0,1
1582,A390,2017,BWTE,grass,grass,48.64398,-102.56586,t,146,13.3,161,15.5,170,161,161,170,1,1
1583,A391,2017,NSHO,grass,grass,48.64376,-102.56087,t,145,11.3,161,11.5,170,161,161,170,1,1
1584,A392,2017,GADW,grass,forb,48.63254,-102.58244,t,149,18.3,162,22.8,170,162,162,170,1,1
1585,A393,2017,GADW,grass,grass,48.63106,-102.58279,t,155,8.5,162,18.5,170,162,162,170,1,1
1586,A394,2017,BWTE,grass,grass,48.63326,-102.58355,t,143,11.5,162,13,180,162,177,177,0,1
1587,A395,2017,NSHO,grass,grass,48.63186,-102.58594,t,144,7.3,162,14.3,170,162,162,170,1,1
1588,A398,2017,GADW,grass,grass,48.77609,-102.69743,t,156,19.5,162,19.5,169,162,162,169,1,1
1589,A399,2017,GADW,grass,forb,48.77331,-102.69682,t,154,12,162,11,175,162,169,175,1,1
1590,A4,2017,MALL,grass,forb,48.32646,-102.15362,t,119,14,123,12,128,123,123,128,1,1
1591,A40,2017,MALL,grass,grass,48.50175,-102.16199,t,122,7,128,6,138,128,133,138,1,1
1592,A400,2017,BWTE,grass,grass,48.77681,-102.69166,t,147,10.3,162,11.5,187,162,182,182,0,1
1593,A401,2017,BWTE,grass,grass,48.77138,-102.69615,t,145,11.5,162,13.8,169,162,162,169,1,1
1594,A402,2017,BWTE,grass,grass,48.77248,-102.69438,t,156,12,162,14.5,194,162,189,189,0,1
1595,A403,2017,GADW,grass,grass,48.77299,-102.69411,t,149,18,162,25,187,162,182,182,0,1
1596,A404,2017,GADW,grass,grass,48.77782,-102.68935,t,149,14.8,162,25.8,187,162,181,181,0,1
1597,A405,2017,LESC,grass,grass,48.77285,-102.69061,t,156,17.5,162,20,187,162,181,187,1,1
1598,A406,2017,GADW,grass,grass,48.26416,-101.85237,t,154,14.5,162,17.8,173,162,167,173,1,1
1599,A407,2017,NSHO,grass,tall.shrub,48.04135,-101.80191,t,148,20.5,162,21.3,178,162,172,178,1,1
1600,A408,2017,MALL,grass,forb,48.36787,-102.25046,t,155,18.5,163,19.5,188,163,187,187,0,1
1601,A409,2017,MALL,grass,forb,48.36739,-102.24934,t,160,15,163,14.3,194,163,190,190,0,1
1602,A41,2017,MALL,grass,grass,48.50142,-102.16241,t,119,10.8,128,16.5,144,128,138,144,1,1
1603,A410,2017,GADW,grass,grass,48.37097,-102.25047,t,157,16.8,163,18,169,163,163,169,1,1
1604,A411,2017,GADW,grass,grass,48.37247,-102.25198,t,149,12.5,163,13,169,163,163,169,1,1
1605,A413,2017,BWTE,grass,grass,48.33869,-102.21082,t,157,9.8,163,8.8,181,163,175,181,1,1
1606,A415,2017,NSHO,grass,grass,48.33852,-102.20818,t,142,8.5,163,8.3,181,163,176,176,0,1
1607,A417,2017,MALL,grass,grass,48.32966,-102.14929,t,154,17.3,163,17.3,189,163,186,186,0,1
1608,A418,2017,MALL,grass,grass,48.15961,-102.10092,t,155,18,163,18,169,163,163,169,1,1
1609,A419,2017,AMWI,grass,grass,48.33319,-102.15012,t,147,12,163,9.5,187,163,184,184,0,1
1610,A42,2017,MALL,grass,grass,47.88526,-101.58353,t,124,5.8,129,3,135,129,129,135,1,1
1611,A421,2017,GADW,grass,grass,48.45902,-102.3885,t,139,9.8,166,11.5,177,166,175,175,0,1
1612,A422,2017,GADW,grass,grass,48.45902,-102.39324,t,145,11.8,166,9.5,172,166,166,172,1,1
1613,A423,2017,BWTE,grass,grass,48.45904,-102.39827,t,164,8.8,166,9.3,189,166,184,189,1,1
1614,A424,2017,BWTE,grass,grass,48.45863,-102.39881,t,151,13.5,166,8.8,177,166,172,177,1,1
1615,A425,2017,GADW,grass,grass,48.4587,-102.39793,t,158,13.8,166,15.3,172,166,166,172,1,1
1616,A426,2017,NOPI,grass,grass,48.45854,-102.3961,t,149,10.5,166,11,184,166,178,178,0,1
1617,A427,2017,LESC,grass,grass,48.45749,-102.38647,t,159,8.3,166,13.3,184,166,177,184,1,1
1618,A428,2017,NOPI,grass,grass,48.45804,-102.38969,t,147,16,166,13,172,166,166,172,1,1
1619,A429,2017,MALL,grass,grass,48.45803,-102.39012,t,150,10.8,166,10.5,172,166,166,172,1,1
1620,A43,2017,BWTE,grass,grass,48.25173,-101.8521,t,126,8,130,8.5,135,130,130,135,1,1
1621,A430,2017,NSHO,grass,grass,48.45815,-102.3908,t,155,12.3,166,8.5,184,166,177,184,1,1
1622,A431,2017,NOPI,grass,grass,48.45807,-102.3921,t,151,11,166,7.3,172,166,166,172,1,1
1623,A432,2017,GADW,grass,forb,48.45756,-102.39058,t,151,13.3,166,14.8,189,166,184,189,1,1
1624,A433,2017,GADW,grass,forb,48.45749,-102.39169,t,147,12.3,166,11.8,177,166,176,176,0,1
1625,A434,2017,NOPI,grass,grass,48.45826,-102.39686,t,159,13.5,166,13.3,184,166,177,184,1,1
1626,A435,2017,GADW,grass,grass,48.45796,-102.39912,t,156,22.8,166,25.3,184,166,177,184,1,1
1627,A436,2017,GADW,grass,grass,48.45775,-102.39849,t,149,15,166,15.5,184,166,177,184,1,1
1628,A437,2017,NOPI,grass,grass,48.4576,-102.39559,t,152,6.8,166,8.5,184,166,181,181,0,1
1629,A438,2017,BWTE,grass,grass,48.45736,-102.39548,t,152,14.3,166,16.8,184,166,181,181,0,1
1630,A439,2017,NOPI,grass,grass,48.45726,-102.39607,t,142,15,166,15.3,177,166,174,174,0,1
1631,A44,2017,MALL,grass,grass,48.26746,-101.85434,t,121,4.8,130,6,147,130,140,147,1,1
1632,A440,2017,NOPI,grass,grass,48.45842,-102.40118,t,144,8.8,166,8.8,177,166,174,174,0,1
1633,A441,2017,BWTE,grass,grass,48.45923,-102.39966,t,151,13.3,166,14.3,177,166,172,177,1,1
1634,A442,2017,GADW,grass,grass,48.45668,-102.39922,t,156,11.5,166,12.8,189,166,184,189,1,1
1635,A443,2017,GADW,grass,forb,48.45729,-102.39187,t,150,11,166,11.3,184,166,183,183,0,1
1636,A444,2017,MALL,grass,grass,48.47803,-102.35416,t,150,14.5,167,13.8,172,167,167,172,1,1
1637,A445,2017,BWTE,grass,grass,48.47665,-102.35513,t,156,10,167,9,177,167,172,177,1,1
1638,A446,2017,MALL,grass,low.shrub,48.47757,-102.356,t,146,12.8,167,13,177,167,172,177,1,1
1639,A447,2017,BWTE,grass,grass,48.47474,-102.35596,t,155,4.8,167,4.5,184,167,177,184,1,1
1640,A448,2017,NSHO,grass,grass,48.47755,-102.35827,t,140,6.8,167,6.8,172,167,168,168,0,1
1641,A449,2017,BWTE,grass,grass,48.4862,-102.3558,t,158,8.3,167,5,189,167,184,189,1,1
1642,A45,2017,MALL,grass,grass,48.26855,-101.85569,t,128,10.5,130,7.3,135,130,130,135,1,1
1643,A450,2017,BWTE,grass,grass,48.48786,-102.35532,t,162,8,167,8.5,189,167,184,189,1,1
1644,A451,2017,NSHO,grass,low.shrub,48.4882,-102.35601,t,158,15,167,14.8,194,167,190,190,0,1
1645,A452,2017,BWTE,grass,grass,48.48812,-102.35656,t,150,9.3,167,7.8,184,167,178,178,0,1
1646,A453,2017,MALL,grass,grass,48.48772,-102.35895,t,144,12,167,11.5,184,167,178,178,0,1
1647,A454,2017,BWTE,grass,grass,48.49817,-102.16097,t,157,4.8,167,7.3,191,167,187,187,0,1
1648,A455,2017,MALL,grass,grass,48.26451,-101.85634,t,160,6.3,167,8.5,174,167,167,174,1,1
1649,A457,2017,GADW,grass,grass,48.48448,-102.16072,t,159,9.5,168,10.5,186,168,179,186,1,1
1650,A458,2017,BWTE,grass,grass,48.48451,-102.16193,t,161,9.3,168,8,198,168,192,192,0,1
1651,A459,2017,GADW,grass,grass,48.4864,-102.16204,t,162,17,168,13,186,168,179,186,1,1
1652,A46,2017,MALL,grass,grass,48.32908,-102.1524,t,124,8.5,130,14,157,130,154,154,0,1
1653,A460,2017,BWTE,grass,grass,48.48193,-102.16199,t,145,7.3,168,9,179,168,176,176,0,1
1654,A461,2017,GADW,grass,grass,48.48208,-102.16315,t,158,16.8,168,17.5,179,168,174,179,1,1
1655,A462,2017,NSHO,grass,grass,48.48129,-102.16386,t,162,10.3,168,10.5,191,168,186,191,1,1
1656,A463,2017,MALL,grass,low.shrub,48.48646,-102.16457,t,162,11,168,11.8,174,168,168,174,1,1
1657,A464,2017,BWTE,grass,grass,48.48738,-102.16667,t,159,8,168,6.8,186,168,179,186,1,1
1658,A465,2017,MALL,grass,grass,48.50271,-102.1586,t,149,22.8,169,22.5,179,169,174,179,1,1
1659,A466,2017,LESC,grass,grass,48.5027,-102.15938,t,160,18.8,169,17,186,169,179,186,1,1
1660,A468,2017,BWTE,grass,grass,48.50178,-102.1599,t,167,8.3,169,7.8,198,169,191,198,1,1
1661,A469,2017,NSHO,grass,grass,48.50133,-102.16059,t,150,6.5,169,6,186,169,181,181,0,1
1662,A47,2017,MALL,grass,grass,48.15496,-102.10523,t,128,8,131,6.5,137,131,131,137,1,1
1663,A470,2017,GADW,grass,grass,48.50134,-102.16042,t,166,10.5,169,6.3,174,169,169,174,1,1
1664,A471,2017,GADW,grass,grass,48.50129,-102.16035,t,153,20.5,169,17.5,186,169,179,186,1,1
1665,A472,2017,NSHO,grass,grass,48.50145,-102.15917,t,155,19.3,169,18.5,179,169,174,179,1,1
1666,A473,2017,GADW,grass,grass,48.49921,-102.15832,t,149,17.3,169,17,179,169,179,179,0,1
1667,A474,2017,GADW,grass,grass,48.49852,-102.15845,t,163,12.8,169,12.8,179,169,174,179,1,1
1668,A475,2017,GADW,grass,grass,48.49865,-102.16222,t,161,21.8,169,19,198,169,193,193,0,1
1669,A476,2017,LESC,grass,grass,48.49847,-102.16267,t,161,14.3,169,11.3,186,169,179,186,1,1
1670,A477,2017,AMWI,grass,grass,48.49742,-102.16297,t,159,13.8,169,13,174,169,169,174,1,1
1671,A478,2017,BWTE,grass,grass,48.49649,-102.16087,t,160,10.5,169,9.3,174,169,169,174,1,1
1672,A479,2017,GADW,grass,grass,48.49652,-102.16083,t,146,14.5,169,12.5,186,169,181,181,0,1
1673,A48,2017,NSHO,grass,grass,48.15534,-102.10125,t,121,5.8,131,9.3,158,131,152,158,1,1
1674,A480,2017,BWTE,grass,grass,48.49632,-102.15862,t,160,9.8,169,11,186,169,179,186,1,1
1675,A481,2017,GADW,grass,grass,48.49562,-102.15868,t,159,22.8,169,22.5,174,169,169,174,1,1
1676,A482,2017,GADW,grass,grass,48.49475,-102.15859,t,146,10,169,11.8,186,169,181,181,0,1
1677,A483,2017,AMWI,grass,grass,48.49349,-102.16035,t,158,14,169,15,174,169,169,174,1,1
1678,A484,2017,LESC,grass,grass,48.32259,-102.14881,t,157,13.3,169,14.3,194,169,193,193,0,1
1679,A485,2017,GADW,grass,grass,48.32237,-102.14782,t,159,13.5,169,13.5,205,169,198,205,1,1
1680,A486,2017,GADW,grass,grass,48.32341,-102.14715,t,161,8.8,169,11.8,187,169,181,187,1,1
1681,A487,2017,LESC,grass,grass,48.32338,-102.14618,t,160,14.5,169,16.5,187,169,181,187,1,1
1682,A488,2017,GADW,grass,grass,48.32334,-102.14589,t,161,14.5,169,12.8,194,169,190,190,0,1
1683,A489,2017,GADW,grass,grass,48.32543,-102.14372,t,162,10.8,169,10.8,194,169,193,193,0,1
1684,A49,2017,BWTE,grass,grass,48.15866,-102.10223,t,123,8,131,7.8,147,131,142,147,1,1
1685,A490,2017,NOPI,grass,grass,48.32309,-102.14352,t,142,17.5,169,17.3,175,169,170,170,0,1
1686,A491,2017,NOPI,grass,forb,48.32358,-102.14302,t,149,17,169,17.5,181,169,177,177,0,1
1687,A492,2017,GADW,grass,grass,48.32668,-102.14191,t,154,14,169,12,187,169,181,187,1,1
1688,A493,2017,MALL,grass,grass,48.32686,-102.14221,t,154,16.3,169,16.8,181,169,175,181,1,1
1689,A494,2017,GADW,grass,grass,48.32517,-102.1422,t,158,16.5,169,16.3,187,169,186,186,0,1
1690,A495,2017,GADW,grass,grass,48.32345,-102.14247,t,151,13.5,169,13,187,169,183,183,0,1
1691,A497,2017,GADW,grass,forb,48.32528,-102.14159,t,157,18.3,169,17,187,169,186,186,0,1
1692,A499,2017,LESC,grass,grass,48.32447,-102.15727,t,160,10,169,12.5,189,169,184,189,1,1
1693,A5,2017,MALL,grass,grass,48.32594,-102.15423,t,111,10.3,123,8.3,133,123,128,133,1,1
1694,A50,2017,NSHO,grass,grass,48.15936,-102.10126,t,124,9.5,131,9.8,163,131,159,159,0,1
1695,A500,2017,GADW,grass,grass,48.15965,-102.10117,t,157,7.8,169,7.8,186,169,181,186,1,1
1696,A501,2017,MALL,grass,grass,48.32841,-102.15405,t,157,16,169,19.3,189,169,187,187,0,1
1697,A502,2017,BWTE,grass,grass,48.37254,-102.252,t,161,6.8,169,10.3,188,169,180,188,1,1
1698,A503,2017,BWTE,grass,grass,48.32453,-102.13892,t,168,11,170,8.3,187,170,181,187,1,1
1699,A504,2017,AMWI,grass,grass,48.33071,-102.15011,t,167,14,170,14.5,187,170,181,187,1,1
1700,A505,2017,GADW,grass,grass,48.33089,-102.15017,t,144,18,170,13.3,181,170,176,176,0,1
1701,A506,2017,AMWI,grass,grass,48.3306,-102.15259,t,162,18.3,170,12.5,198,170,194,194,0,1
1702,A507,2017,GADW,grass,grass,48.33088,-102.15512,t,143,17.3,170,14,181,170,175,175,0,1
1703,A508,2017,GADW,grass,grass,48.33076,-102.1548,t,148,18.8,170,15.8,181,170,175,181,1,1
1704,A509,2017,NOPI,grass,grass,48.33084,-102.15512,t,146,17,170,16.5,181,170,176,176,0,1
1705,A51,2017,NSHO,grass,grass,48.15989,-102.10048,t,125,10.5,131,11.5,142,131,137,142,1,1
1706,A510,2017,GADW,grass,grass,48.33111,-102.15266,t,146,15,170,14.5,187,170,182,182,0,1
1707,A511,2017,GADW,grass,grass,48.33121,-102.15182,t,156,20,170,20.5,194,170,188,188,0,1
1708,A512,2017,MALL,grass,grass,48.33138,-102.15129,t,150,17,170,15.5,181,170,178,178,0,1
1709,A513,2017,GADW,grass,grass,48.33105,-102.15133,t,150,18.3,170,20.3,187,170,182,182,0,1
1710,A514,2017,GADW,grass,grass,48.33121,-102.14952,t,157,17.3,170,18.3,187,170,181,187,1,1
1711,A515,2017,GADW,grass,grass,48.33112,-102.14935,t,147,14.8,170,15,181,170,181,181,0,1
1712,A516,2017,GADW,grass,grass,48.33196,-102.14977,t,154,12.5,170,15,194,170,188,188,0,1
1713,A517,2017,GADW,grass,grass,48.33158,-102.15301,t,154,18.3,170,17,187,170,184,184,0,1
1714,A518,2017,GADW,grass,grass,48.33186,-102.1546,t,154,10.8,170,15.5,187,170,186,186,0,1
1715,A519,2017,GADW,grass,grass,48.33149,-102.15603,t,154,10.3,170,10.5,187,170,181,187,1,1
1716,A52,2017,MALL,grass,grass,48.15966,-102.10046,t,154,7.3,170,12,142,170,137,142,1,1
1717,A520,2017,GADW,grass,grass,48.33155,-102.15594,t,154,15.5,170,14.3,181,170,178,178,0,1
1718,A521,2017,BWTE,grass,grass,48.33203,-102.15763,t,154,12,170,12.3,181,170,177,177,0,1
1719,A522,2017,GADW,grass,grass,48.33217,-102.1573,t,154,8.8,170,9.5,187,170,181,187,1,1
1720,A523,2017,GADW,grass,forb,48.33187,-102.15588,t,157,9.3,170,11.3,194,170,187,194,1,1
1721,A524,2017,GADW,grass,grass,48.33194,-102.15575,t,154,10.3,170,11.5,187,170,186,186,0,1
1722,A525,2017,NOPI,grass,grass,48.33186,-102.15562,t,151,9.5,170,8.8,175,170,170,175,1,1
1723,A526,2017,GADW,grass,grass,48.3321,-102.15352,t,152,14,170,11.8,187,170,184,184,0,1
1724,A527,2017,LESC,grass,low.shrub,48.33209,-102.15296,t,155,13.5,170,15,187,170,181,187,1,1
1725,A528,2017,GADW,grass,grass,48.33221,-102.14987,t,165,17.5,170,15.3,198,170,197,197,0,1
1726,A529,2017,LESC,grass,grass,48.33236,-102.15421,t,155,15.3,170,15,194,170,193,193,0,1
1727,A530,2017,GADW,grass,grass,48.33258,-102.15501,t,153,15.5,170,16.8,194,170,188,188,0,1
1728,A531,2017,GADW,grass,grass,48.33257,-102.15686,t,165,13,170,11.8,205,170,199,199,0,1
1729,A532,2017,AMWI,grass,grass,48.33229,-102.15708,t,140,14.5,170,11.8,175,170,173,173,0,1
1730,A533,2017,GADW,grass,grass,48.3327,-102.15553,t,147,11,170,10.3,181,170,175,181,1,1
1731,A534,2017,GADW,grass,grass,48.33308,-102.1525,t,158,15.3,170,15,187,170,186,186,0,1
1732,A535,2017,GADW,grass,grass,48.33325,-102.15814,t,153,18,170,21,194,170,187,187,0,1
1733,A536,2017,GADW,grass,grass,48.33369,-102.15517,t,154,15,170,14,181,170,175,181,1,1
1734,A537,2017,GADW,grass,grass,48.33374,-102.14981,t,159,18,170,23.5,194,170,192,192,0,1
1735,A538,2017,GADW,grass,low.shrub,48.33416,-102.15318,t,136,19,170,15.5,175,170,171,171,0,1
1736,A539,2017,MALL,grass,grass,48.33396,-102.15648,t,158,13.8,170,11.5,175,170,170,175,1,1
1737,A54,2017,MALL,grass,grass,48.15649,-102.13345,t,118,4.8,131,4.5,153,131,147,153,1,1
1738,A540,2017,AMWI,grass,grass,48.33417,-102.15736,t,147,12.3,170,10.3,181,170,175,181,1,1
1739,A541,2017,MALL,grass,grass,48.26203,-102.24932,t,163,18.3,171,18.5,189,171,183,189,1,1
1740,A542,2017,GADW,grass,grass,48.26194,-102.25166,t,153,19.3,171,15.3,183,171,177,183,1,1
1741,A543,2017,GADW,grass,grass,48.26126,-102.25053,t,145,22.3,171,21.3,183,171,179,179,0,1
1742,A544,2017,GADW,grass,grass,48.2613,-102.25052,t,117,19,171,19.3,177,171,172,172,0,1
1743,A545,2017,GADW,grass,forb,48.26125,-102.2501,t,151,20.8,171,19,183,171,178,178,0,1
1744,A546,2017,MALL,grass,forb,48.26081,-102.25154,t,148,19.8,171,19.3,183,171,178,178,0,1
1745,A547,2017,GADW,grass,grass,48.26054,-102.25194,t,155,21,171,18.5,194,171,191,191,0,1
1746,A548,2017,LESC,grass,grass,48.26071,-102.25193,t,161,22.5,171,16.8,189,171,183,189,1,1
1747,A550,2017,GADW,grass,grass,48.25972,-102.24644,t,158,13.8,171,15,189,171,185,185,0,1
1748,A551,2017,GADW,grass,grass,48.26002,-102.25095,t,156,17.8,171,1.3,189,171,183,189,1,1
1749,A552,2017,GADW,grass,grass,48.2594,-102.25139,t,162,10,171,1.5,189,171,183,189,1,1
1750,A553,2017,GADW,grass,forb,48.25932,-102.25118,t,163,18.5,171,2,194,171,189,194,1,1
1751,A554,2017,GADW,grass,grass,48.25937,-102.2484,t,148,14,171,15,189,171,184,184,0,1
1752,A555,2017,NOPI,grass,grass,48.25881,-102.24703,t,166,13.5,171,13,189,171,183,189,1,1
1753,A556,2017,GADW,grass,grass,48.25888,-102.24875,t,162,11,171,12,177,171,171,177,1,1
1754,A558,2017,GADW,grass,forb,48.23587,-102.55338,t,150,13,171,11.5,183,171,183,183,0,1
1755,A559,2017,GADW,grass,grass,48.23819,-102.54914,t,160,11.3,171,11.3,194,171,190,190,0,1
1756,A56,2017,MALL,grass,grass,48.15529,-102.12947,t,121,11.8,131,11.5,137,131,131,137,1,1
1757,A560,2017,BWTE,grass,grass,48.23612,-102.54947,t,161,7.5,171,9,189,171,183,189,1,1
1758,A561,2017,NSHO,grass,grass,48.23878,-102.55079,t,152,7.8,171,6.3,183,171,177,183,1,1
1759,A563,2017,AGWT,grass,grass,48.25604,-102.24892,t,147,10.8,172,11.5,183,172,178,178,0,1
1760,A564,2017,GADW,grass,grass,48.25578,-102.24672,t,158,15.3,172,14.5,183,172,177,183,1,1
1761,A565,2017,GADW,grass,grass,48.25497,-102.25066,t,153,13.8,172,15.3,189,172,184,184,0,1
1762,A566,2017,NSHO,grass,grass,48.25634,-102.25565,t,153,11.5,172,8.3,189,172,186,186,0,1
1763,A567,2017,AGWT,grass,grass,48.25501,-102.25637,t,160,17.8,172,19,194,172,191,191,0,1
1764,A568,2017,NSHO,grass,grass,48.24923,-101.85336,t,160,13.8,172,12.8,191,172,190,190,0,1
1765,A569,2017,GADW,grass,grass,48.25007,-101.85244,t,162,14.8,172,13.8,191,172,184,191,1,1
1766,A570,2017,BWTE,grass,grass,48.04045,-101.8031,t,149,4.5,172,6,183,172,179,179,0,1
1767,A571,2017,BWTE,grass,grass,47.88485,-101.59338,t,166,12.5,173,10.3,190,173,183,190,1,1
1768,A573,2017,GADW,grass,forb,47.88515,-101.58575,t,165,15.5,173,15.5,178,173,173,178,1,1
1769,A574,2017,MALL,grass,grass,47.88813,-101.59118,t,168,18,173,14.5,190,173,183,190,1,1
1770,A575,2017,BWTE,grass,grass,47.88595,-101.58406,t,171,12,173,12,183,173,178,183,1,1
1771,A576,2017,GADW,grass,grass,47.88668,-101.58346,t,167,15,173,14.5,195,173,190,195,1,1
1772,A577,2017,AGWT,grass,grass,47.884,-101.58585,t,171,7.8,173,6.5,183,173,178,183,1,1
1773,A578,2017,GADW,grass,forb,47.88148,-101.58415,t,167,13.8,173,14,202,173,201,201,0,1
1774,A58,2017,NSHO,grass,grass,48.10158,-102.39813,t,121,5.5,132,4.3,147,132,142,147,1,1
1775,A580,2017,BWTE,grass,grass,47.88065,-101.59217,t,163,5,173,3.8,202,173,195,195,0,1
1776,A581,2017,BWTE,grass,grass,47.88006,-101.58618,t,155,7.5,173,7.8,183,173,183,183,0,1
1777,A582,2017,GADW,grass,grass,47.87816,-101.58573,t,157,6,173,4.3,178,173,173,178,1,1
1778,A583,2017,BWTE,grass,grass,48.26376,-101.85676,t,173,8.8,174,7.5,205,174,202,202,0,1
1779,A584,2017,NOPI,grass,forb,48.26504,-101.84824,t,163,14.8,174,13.3,198,174,192,192,0,1
1780,A585,2017,GADW,grass,grass,48.26517,-101.85036,t,169,14.8,174,13.5,184,174,179,184,1,1
1781,A586,2017,LESC,grass,grass,48.26343,-101.85101,t,164,11.8,174,10.8,191,174,184,191,1,1
1782,A587,2017,GADW,grass,forb,48.26345,-101.85181,t,164,18.5,174,14,191,174,184,191,1,1
1783,A588,2017,GADW,grass,grass,48.26295,-101.84996,t,159,20.8,174,15.3,191,174,184,191,1,1
1784,A589,2017,GADW,grass,grass,48.2628,-101.8492,t,160,27.5,174,27.8,179,174,174,179,1,1
1785,A59,2017,NSHO,grass,grass,48.10244,-102.39825,t,122,7.5,132,8.3,142,132,137,142,1,1
1786,A590,2017,LESC,grass,grass,48.26506,-101.85571,t,165,4.8,174,3.5,198,174,191,198,1,1
1787,A591,2017,GADW,grass,low.shrub,48.266,-101.85175,t,166,17.3,174,15.5,191,174,184,191,1,1
1788,A592,2017,GADW,grass,grass,48.3284,-102.15046,t,161,16,174,13,198,174,196,196,0,1
1789,A593,2017,GADW,grass,grass,48.32878,-102.15511,t,157,15.5,174,16.3,184,174,179,184,1,1
1790,A594,2017,GADW,grass,grass,48.32804,-102.15358,t,166,11.8,174,15,184,174,179,184,1,1
1791,A595,2017,GADW,grass,low.shrub,48.15445,-102.10412,t,151,11.3,175,10.8,181,175,175,181,1,1
1792,A596,2017,NOPI,grass,grass,48.15699,-102.13441,t,162,5,175,6.8,186,175,181,186,1,1
1793,A597,2017,GADW,grass,grass,48.15791,-102.13676,t,156,5.5,175,5.8,186,175,181,186,1,1
1794,A598,2017,GADW,grass,forb,48.32356,-102.14648,t,168,8.5,175,8.5,181,175,175,181,1,1
1795,A599,2017,BWTE,grass,grass,48.09662,-102.39922,t,164,21,177,3.8,198,177,192,198,1,1
1796,A6,2017,MALL,grass,grass,48.32597,-102.15418,t,104,12.3,123,8,133,123,128,133,1,1
1797,A60,2017,BWTE,grass,grass,48.10252,-102.39837,t,127,12.3,132,8,147,132,142,147,1,1
1798,A600,2017,LESC,grass,low.shrub,48.1,-102.4021,t,163,12.3,177,12,205,177,199,199,0,1
1799,A601,2017,NOPI,grass,grass,48.09801,-102.40744,t,160,15.8,177,14.3,192,177,190,190,0,1
1800,A602,2017,MALL,grass,low.shrub,48.09754,-102.40472,t,170,17.3,177,15,205,177,198,205,1,1
1801,A603,2017,GADW,grass,forb,48.09618,-102.40313,t,172,23,177,20.5,192,177,183,192,1,1
1802,A604,2017,GADW,grass,forb,48.10021,-102.40501,t,172,16.8,177,18.5,198,177,192,198,1,1
1803,A605,2017,GADW,grass,forb,48.1003,-102.40497,t,162,19.8,177,14.5,198,177,194,194,0,1
1804,A606,2017,LESC,grass,grass,48.25874,-102.25241,t,174,14,177,8.8,194,177,189,194,1,1
1805,A607,2017,LESC,grass,grass,48.04991,-101.80402,t,169,11.8,178,12.3,188,178,183,188,1,1
1806,A608,2017,AGWT,grass,grass,48.05015,-101.80376,t,153,8.5,178,8.3,183,178,178,183,1,1
1807,A609,2017,LESC,grass,grass,48.05006,-101.80389,t,163,12.5,178,11.8,188,178,183,188,1,1
1808,A61,2017,MALL,grass,grass,48.1005,-102.40082,t,128,13.3,132,15,152,132,147,152,1,1
1809,A611,2017,GADW,grass,grass,48.04737,-101.81084,t,166,9,178,12.3,195,178,188,195,1,1
1810,A612,2017,LESC,grass,grass,48.04602,-101.80925,t,169,11,178,12.5,207,178,202,207,1,1
1811,A613,2017,GADW,grass,grass,48.04342,-101.8076,t,167,14.8,178,4.3,202,178,197,197,0,1
1812,A614,2017,LESC,grass,grass,48.04621,-101.80489,t,150,13.8,178,12.8,188,178,186,186,0,1
1813,A615,2017,LESC,grass,grass,48.04589,-101.80412,t,163,15,178,15.3,183,178,178,183,1,1
1814,A616,2017,LESC,grass,grass,48.04506,-101.80432,t,152,12,178,12,183,178,178,183,1,1
1815,A618,2017,LESC,grass,grass,48.04071,-101.79983,t,152,9.3,178,11.3,188,178,185,185,0,1
1816,A619,2017,LESC,grass,grass,48.04109,-101.80286,t,164,10.3,178,9.5,202,178,199,199,0,1
1817,A62,2017,NOPI,grass,low.shrub,48.09919,-102.40134,t,126,14.8,132,17,160,132,153,153,0,1
1818,A620,2017,LESC,grass,grass,48.0413,-101.8024,t,163,11.5,178,12.8,202,178,197,197,0,1
1819,A621,2017,BWTE,grass,grass,48.04328,-101.80273,t,149,5.8,178,5.3,183,178,181,181,0,1
1820,A622,2017,BWTE,grass,grass,48.04275,-101.79752,t,171,9.8,178,11.8,202,178,202,202,0,1
1821,A623,2017,MALL,grass,grass,48.0428,-101.79748,t,172,12.3,178,14,202,178,195,202,1,1
1822,A624,2017,GADW,grass,grass,48.04413,-101.7999,t,161,7.3,178,4.5,183,178,178,183,1,1
1823,A625,2017,BWTE,grass,grass,48.04354,-101.79622,t,147,7.5,178,8.3,183,178,180,180,0,1
1824,A626,2017,GADW,grass,low.shrub,48.0444,-101.80025,t,152,16.3,178,22.8,183,178,182,182,0,1
1825,A627,2017,GADW,grass,mid.wet,48.3278,-102.1528,t,160,27.8,179,32.5,194,179,191,191,0,1
1826,A628,2017,GADW,grass,grass,48.32792,-102.15367,t,176,13,179,13.5,194,179,189,194,1,1
1827,A629,2017,GADW,grass,forb,48.32803,-102.15433,t,157,15.5,179,20,189,179,188,188,0,1
1828,A63,2017,BWTE,grass,grass,48.09689,-102.39996,t,126,5,132,6.5,166,132,162,162,0,1
1829,A630,2017,MALL,grass,grass,48.32773,-102.15485,t,162,14.8,179,13.3,198,179,194,194,0,1
1830,A631,2017,GADW,grass,grass,48.32779,-102.15643,t,152,17.8,179,14.8,189,179,187,187,0,1
1831,A632,2017,GADW,grass,forb,48.32792,-102.15643,t,160,19,179,16.5,189,179,184,189,1,1
1832,A633,2017,GADW,grass,grass,48.32804,-102.15609,t,153,13.8,179,14.3,189,179,185,185,0,1
1833,A634,2017,GADW,grass,grass,48.32858,-102.14986,t,163,17,179,20.5,189,179,184,189,1,1
1834,A635,2017,GADW,grass,grass,48.32823,-102.15508,t,160,18.3,179,19.5,194,179,189,189,0,1
1835,A636,2017,GADW,grass,grass,48.32878,-102.1588,t,162,16.3,179,15.8,184,179,179,184,1,1
1836,A637,2017,MALL,grass,grass,48.32877,-102.15488,t,169,18.5,179,18,189,179,184,189,1,1
1837,A638,2017,GADW,grass,forb,48.32951,-102.1506,t,170,14,179,12.8,189,179,184,189,1,1
1838,A639,2017,GADW,grass,grass,48.32936,-102.15119,t,174,14,179,18,194,179,189,194,1,1
1839,A64,2017,BWTE,grass,grass,48.0983,-102.40525,t,120,8.5,132,3.8,137,132,132,137,1,1
1840,A640,2017,GADW,grass,grass,48.32936,-102.15317,t,152,16.3,179,16.8,189,179,185,185,0,1
1841,A641,2017,MALL,grass,forb,48.32929,-102.15879,t,168,17.8,179,17.3,184,179,179,184,1,1
1842,A642,2017,LESC,grass,grass,48.32984,-102.15881,t,155,13.8,179,14,194,179,191,191,0,1
1843,A643,2017,AMWI,grass,grass,48.32962,-102.1581,t,157,15.5,179,18.5,189,179,186,186,0,1
1844,A644,2017,MALL,grass,grass,48.32987,-102.15609,t,172,22.5,179,21.5,189,179,184,189,1,1
1845,A645,2017,GADW,grass,grass,48.32997,-102.15504,t,165,13.8,179,13.5,189,179,184,189,1,1
1846,A647,2017,MALL,grass,forb,48.32988,-102.15314,t,167,16,179,17.3,184,179,179,184,1,1
1847,A648,2017,GADW,grass,forb,48.32966,-102.15181,t,149,17.3,179,17.5,184,179,183,183,0,1
1848,A649,2017,LESC,grass,grass,48.32999,-102.15107,t,159,13.3,179,12,189,179,184,189,1,1
1849,A65,2017,MALL,grass,grass,48.24013,-102.55052,t,106,5,132,5.3,143,132,139,139,0,1
1850,A650,2017,LESC,grass,forb,48.32977,-102.1511,t,150,15.5,179,15.8,184,179,179,184,1,1
1851,A651,2017,AMWI,grass,forb,48.3297,-102.15076,t,161,14.5,179,12.8,184,179,179,184,1,1
1852,A652,2017,GADW,grass,forb,48.3302,-102.15198,t,168,13.8,179,12.8,189,179,184,189,1,1
1853,A653,2017,NOPI,grass,grass,48.33035,-102.15523,t,151,20,179,21.3,184,179,180,180,0,1
1854,A654,2017,GADW,grass,forb,48.33039,-102.15606,t,165,14.5,179,13,189,179,184,189,1,1
1855,A655,2017,BWTE,grass,grass,48.50218,-102.16068,t,164,8.3,179,8.8,198,179,191,198,1,1
1856,A656,2017,AGWT,grass,forb,48.63243,-102.58612,t,171,10.8,180,13.5,205,180,199,199,0,1
1857,A657,2017,BWTE,grass,grass,48.6311,-102.58665,t,170,8.5,180,8.3,205,180,200,200,0,1
1858,A658,2017,GADW,grass,grass,48.64241,-102.56953,t,164,17.8,181,14.5,198,181,194,194,0,1
1859,A659,2017,BWTE,grass,grass,48.64348,-102.56606,t,166,12.8,181,15.3,205,181,199,199,0,1
1860,A66,2017,BWTE,grass,grass,48.25549,-102.24759,t,132,7.5,133,8.3,143,133,138,143,1,1
1861,A660,2017,LESC,grass,grass,48.64496,-102.5604,t,166,13.5,181,14,186,181,181,186,1,1
1862,A661,2017,LESC,grass,grass,48.37206,-102.25607,t,177,13,183,13.8,188,183,183,188,1,1
1863,A662,2017,AMWI,grass,grass,48.3707,-102.25262,t,168,14.8,183,14.5,188,183,183,188,1,1
1864,A663,2017,MALL,grass,grass,48.36953,-102.24873,t,167,15.8,183,12.5,205,183,201,201,0,1
1865,A664,2017,GADW,grass,grass,48.37247,-102.2507,t,165,16.8,183,19.8,188,183,183,188,1,1
1866,A665,2017,GADW,grass,grass,48.37153,-102.25104,t,171,12.3,183,10.8,205,183,198,205,1,1
1867,A666,2017,GADW,grass,grass,48.45916,-102.39923,t,172,15.8,184,17,198,184,194,198,1,1
1868,A667,2017,BWTE,grass,grass,48.48809,-102.3571,t,170,6.5,184,6,198,184,194,198,1,1
1869,A669,2017,GADW,grass,grass,48.32998,-102.14987,t,174,17,184,15.3,189,184,184,189,1,1
1870,A67,2017,MALL,grass,grass,48.25899,-102.25265,t,122,9.5,133,12.5,153,133,152,152,0,1
1871,A670,2017,GADW,grass,grass,48.487,-102.15961,t,172,12.8,186,12.8,198,186,191,198,1,1
1872,A671,2017,GADW,grass,grass,48.48697,-102.16258,t,174,12.8,186,12.5,191,186,186,191,1,1
1873,A672,2017,GADW,grass,grass,48.48625,-102.16238,t,180,14.5,186,9.8,198,186,191,198,1,1
1874,A673,2017,BWTE,grass,grass,48.4838,-102.16289,t,180,10.8,186,10,205,186,198,205,1,1
1875,A676,2017,GADW,grass,grass,48.50183,-102.16161,t,175,17.3,186,18.5,198,186,191,198,1,1
1876,A677,2017,LESC,grass,grass,48.49677,-102.15898,t,172,12.5,186,10,210,186,207,207,0,1
1877,A678,2017,GADW,grass,grass,48.49615,-102.16302,t,176,16.8,186,11.8,210,186,208,208,0,1
1878,A679,2017,GADW,grass,grass,48.33123,-102.15219,t,177,20.5,187,18.5,198,187,194,198,1,1
1879,A68,2017,BWTE,grass,grass,48.259,-102.2485,t,120,6,133,6.8,148,133,143,148,1,1
1880,A681,2017,GADW,grass,grass,48.32335,-102.14516,t,170,19.8,187,18.3,205,187,201,201,0,1
1881,A682,2017,GADW,grass,forb,48.32158,-102.14559,t,165,13.5,187,13.5,194,187,187,194,1,1
1882,A683,2017,GADW,grass,forb,48.32631,-102.14381,t,172,9.5,187,8.5,205,187,201,201,0,1
1883,A684,2017,LESC,grass,forb,48.32652,-102.14233,t,168,16,187,14,194,187,187,194,1,1
1884,A685,2017,LESC,grass,forb,48.32456,-102.14246,t,169,17,187,16.3,205,187,203,203,0,1
1885,A686,2017,LESC,grass,forb,48.32698,-102.14185,t,177,14.5,187,13.3,205,187,205,205,0,1
1886,A687,2017,MALL,grass,forb,48.32613,-102.14143,t,173,17.8,187,16.5,205,187,199,199,0,1
1887,A688,2017,GADW,grass,forb,48.32572,-102.14132,t,169,16,187,15.8,205,187,201,201,0,1
1888,A689,2017,BWTE,grass,grass,48.32096,-102.1446,t,173,14.8,187,13.3,205,187,203,203,0,1
1889,A690,2017,GADW,grass,grass,48.32059,-102.14084,t,158,13.5,187,14.3,194,187,190,190,0,1
1890,A691,2017,GADW,grass,grass,48.25614,-102.25224,t,172,15.8,189,15,198,189,194,198,1,1
1891,A692,2017,GADW,grass,grass,48.25576,-102.25217,t,177,15,189,12.5,210,189,205,210,1,1
1892,A693,2017,NOPI,grass,grass,48.25508,-102.25092,t,164,14.3,189,14.5,194,189,193,193,0,1
1893,A694,2017,NSHO,grass,grass,48.25974,-102.24931,t,166,19.3,189,17,198,189,194,198,1,1
1894,A695,2017,GADW,grass,low.shrub,48.23421,-102.5501,t,181,14.8,189,15.3,194,189,189,194,1,1
1895,A696,2017,AGWT,grass,grass,47.88546,-101.58543,t,178,12.5,190,9,210,190,209,209,0,1
1896,A697,2017,GADW,grass,short.wet,47.88673,-101.5831,t,173,12.8,190,12.3,195,190,190,195,1,1
1897,A698,2017,GADW,grass,grass,48.25119,-101.85622,t,179,18,191,16,198,191,191,198,1,1
1898,A699,2017,BWTE,grass,grass,48.25156,-101.85212,t,174,14.3,191,8.5,198,191,191,198,1,1
1899,A7,2017,MALL,grass,grass,48.32436,-102.15485,t,115,10.5,123,9.3,138,123,133,138,1,1
1900,A70,2017,BWTE,grass,grass,48.25889,-102.24774,t,125,8.8,133,9,165,133,158,165,1,1
1901,A700,2017,BWTE,grass,grass,48.25414,-101.84728,t,170,8,191,7.3,198,191,191,198,1,1
1902,A701,2017,GADW,grass,grass,48.26334,-101.85306,t,177,15.8,191,14.3,205,191,198,205,1,1
1903,A703,2017,GADW,grass,grass,48.26801,-101.84946,t,172,17.3,191,16,198,191,191,198,1,1
1904,A704,2017,GADW,grass,grass,48.09648,-102.40117,t,171,10.5,192,13.3,205,192,203,203,0,1
1905,A705,2017,BWTE,grass,low.shrub,48.09608,-102.40311,t,139,13.8,192,13,198,192,193,193,0,1
1906,A707,2017,LESC,grass,grass,48.7728,-102.69447,t,185,13,194,14,202,194,194,202,1,1
1907,A708,2017,GADW,grass,grass,48.04882,-101.80811,t,175,12.8,195,2.3,207,195,203,203,0,1
1908,A709,2017,LESC,grass,grass,48.04689,-101.8044,t,185,8.5,195,8.3,202,195,195,202,1,1
1909,A71,2017,MALL,grass,grass,48.25893,-102.24696,t,110,7.8,133,7.8,148,133,144,144,0,1
1910,A710,2017,LESC,grass,grass,48.04045,-101.80119,t,179,9.3,195,9.3,202,195,195,202,1,1
1911,A711,2017,GADW,grass,grass,48.04305,-101.79746,t,145,10.5,195,13,202,195,196,196,0,1
1912,A712,2017,LESC,grass,grass,48.04312,-101.79836,t,196,9,205,7.5,202,205,205,210,1,1
1913,A712,2017,LESC,grass,grass,48.04312,-101.79836,t,169,9,195,7.5,202,195,201,201,0,1
1914,A712,2017,LESC,grass,grass,48.09729,-102.40424,t,196,9.3,205,8.8,210,205,205,210,1,1
1915,A712,2017,LESC,grass,grass,48.09729,-102.40424,t,169,9.3,195,8.8,210,195,201,201,0,1
1916,A72,2017,NOPI,grass,grass,48.25966,-102.24776,t,124,6.8,133,7.8,138,133,133,138,1,1
1917,A73,2017,BWTE,grass,grass,48.26081,-102.25359,t,126,11.8,133,14.3,165,133,159,159,0,1
1918,A74,2017,NOPI,grass,grass,48.26119,-102.24706,t,122,8.8,133,12.5,148,133,143,148,1,1
1919,A75,2017,BWTE,grass,grass,48.5006,-102.47215,t,123,9,135,12.8,152,135,145,152,1,1
1920,A76,2017,NSHO,grass,grass,48.05089,-101.80356,t,128,7.3,137,8.3,167,137,161,161,0,1
1921,A77,2017,BWTE,grass,grass,48.05037,-101.80452,t,134,7.8,137,7.8,143,137,137,143,1,1
1922,A79,2017,BWTE,grass,grass,48.15424,-102.13551,t,129,6,137,4.3,163,137,162,162,0,1
1923,A8,2017,NOPI,grass,grass,48.32587,-102.15743,t,121,16.3,123,9.3,143,123,138,143,1,1
1924,A81,2017,MALL,grass,grass,48.0472,-101.80464,t,130,10.3,138,5.8,148,138,143,148,1,1
1925,A82,2017,MALL,grass,grass,48.04361,-101.80376,t,125,5.8,138,5.8,153,138,148,153,1,1
1926,A85,2017,AMWI,grass,grass,48.04433,-101.79812,t,124,5.8,138,8.5,153,138,153,153,0,1
1927,A86,2017,MALL,grass,grass,48.32534,-102.15056,t,133,8.8,138,9,143,138,138,143,1,1
1928,A87,2017,MALL,grass,grass,48.32497,-102.15182,t,129,6.8,138,7.5,143,138,138,143,1,1
1929,A88,2017,MALL,grass,grass,48.3245,-102.15148,t,126,8,138,8,143,138,138,143,1,1
1930,A9,2017,MALL,grass,grass,48.32656,-102.15741,t,116,7.8,123,9.3,147,123,144,144,0,1
1931,A90,2017,BWTE,grass,grass,48.6417,-102.56585,t,129,7.3,139,8.5,150,139,144,150,1,1
1932,A91,2017,BWTE,grass,grass,48.64724,-102.56217,t,131,7,139,10,170,139,167,167,0,1
1933,A92,2017,NSHO,grass,grass,48.64233,-102.56035,t,127,8.8,139,11,150,139,144,150,1,1
1934,A93,2017,BWTE,grass,grass,48.63319,-102.58694,t,132,6.3,139,14.5,170,139,165,165,0,1
1935,A94,2017,BWTE,grass,grass,48.6392,-102.59678,t,133,8,140,5,170,140,167,167,0,1
1936,A95,2017,BWTE,grass,grass,48.63381,-102.59393,t,133,8.8,140,15,157,140,150,157,1,1
1937,A96,2017,BWTE,grass,grass,48.6337,-102.60337,t,137,8.3,140,8.5,145,140,140,145,1,1
1938,A97,2017,MALL,grass,grass,48.63667,-102.59764,t,130,10.3,140,12,170,140,160,160,0,1
1939,A98,2017,BWTE,grass,grass,48.63672,-102.60022,t,129,7.8,140,8,145,140,140,145,1,1
1940,A99,2017,BWTE,grass,grass,48.63616,-102.60249,t,133,9,140,10.5,157,140,150,157,1,1
1941,L1,2017,NOPI,grass,grass,48.62149,-102.36957,t,114,8.3,123,8,129,123,123,129,1,1
1942,L10,2017,NSHO,grass,grass,48.62886,-102.48881,t,127,13.5,130,12.5,161,130,160,160,0,1
1943,L100,2017,NSHO,grass,grass,48.62707,-102.49116,t,141,12.5,148,13.8,170,148,169,169,0,1
1944,L101,2017,MALL,grass,grass,48.62813,-102.49132,t,146,21.5,148,24,170,148,161,170,1,1
1945,L102,2017,NSHO,grass,grass,48.62788,-102.49087,t,139,13.3,148,13,155,148,148,155,1,1
1946,L103,2017,BWTE,grass,grass,48.62788,-102.49079,t,138,11.8,148,15,155,148,148,155,1,1
1947,L104,2017,BWTE,grass,grass,48.62695,-102.49076,t,138,11.3,148,11,155,148,148,155,1,1
1948,L105,2017,BWTE,grass,grass,48.63324,-102.4897,t,138,12.8,148,12.8,155,148,148,155,1,1
1949,L106,2017,BWTE,grass,grass,48.62702,-102.48926,t,131,17,148,12,155,148,148,155,1,1
1950,L107,2017,BWTE,grass,grass,48.62674,-102.48719,t,142,12,148,11.8,176,148,176,176,0,1
1951,L109,2017,BWTE,grass,grass,48.63277,-102.4862,t,138,16.5,148,9,161,148,155,161,1,1
1952,L11,2017,NOPI,other,low.shrub,48.63143,-102.48653,t,121,12,130,12.8,142,130,137,142,1,1
1953,L110,2017,BWTE,grass,grass,48.63057,-102.48935,t,140,25.5,148,11.5,155,148,148,155,1,1
1954,L111,2017,BWTE,grass,grass,48.62934,-102.48757,t,139,11,148,11.5,155,148,148,155,1,1
1955,L112,2017,BWTE,grass,grass,48.62841,-102.48724,t,138,10.5,148,8,161,148,148,161,1,1
1956,L113,2017,NOPI,grass,grass,48.62747,-102.4817,t,135,22,149,25.3,171,149,161,171,1,1
1957,L114,2017,BWTE,grass,grass,48.62804,-102.4818,t,139,10.5,149,2.5,155,149,149,155,1,1
1958,L115,2017,NSHO,grass,grass,48.63249,-102.48121,t,141,12.5,149,21,177,149,173,173,0,1
1959,L116,2017,BWTE,grass,grass,48.63051,-102.48154,t,140,11,149,13.8,177,149,172,172,0,1
1960,L118,2017,BWTE,grass,grass,48.63248,-102.48087,t,141,9.8,149,18.8,177,149,173,173,0,1
1961,L119,2017,BWTE,grass,grass,48.63126,-102.47835,t,143,17,149,23.5,171,149,161,171,1,1
1962,L121,2017,BWTE,grass,grass,48.6265,-102.49382,t,138,8,149,11,170,149,169,169,0,1
1963,L122,2017,BWTE,grass,grass,48.62816,-102.49405,t,143,10.5,149,9,161,149,155,161,1,1
1964,L123,2017,BWTE,grass,grass,48.73183,-102.68749,t,136,11,149,12.3,173,149,169,169,0,1
1965,L124,2017,MALL,grass,grass,48.68617,-102.6636,t,149,15,150,14.5,155,150,150,155,1,1
1966,L126,2017,GADW,grass,grass,48.68655,-102.66724,t,142,18.5,150,17,162,150,155,162,1,1
1967,L127,2017,BWTE,grass,grass,48.72133,-102.7996,t,132,13.5,150,14,176,150,165,165,0,1
1968,L128,2017,MALL,grass,grass,48.744,-102.67369,t,147,13.5,151,18.5,171,151,162,171,1,1
1969,L129,2017,GADW,grass,grass,48.5025,-102.47684,t,140,14.3,152,16.5,172,152,160,172,1,1
1970,L13,2017,BWTE,grass,grass,48.68755,-102.66686,t,129,11,131,11.5,143,131,137,143,1,1
1971,L130,2017,GADW,grass,grass,48.50251,-102.47659,t,137,15,152,12,172,152,170,170,0,1
1972,L131,2017,BWTE,grass,grass,48.50227,-102.47123,t,143,9.5,152,11,160,152,152,160,1,1
1973,L132,2017,BWTE,grass,grass,48.5005,-102.47372,t,143,12.5,152,12,160,152,152,160,1,1
1974,L134,2017,BWTE,grass,grass,48.50052,-102.46964,t,144,12,152,13.5,160,152,152,160,1,1
1975,L135,2017,GADW,grass,grass,48.49891,-102.47845,t,143,10.5,152,12,160,152,152,160,1,1
1976,L136,2017,BWTE,grass,grass,48.49857,-102.48064,t,141,15.5,152,13,172,152,160,172,1,1
1977,L137,2017,BWTE,grass,grass,48.49855,-102.48191,t,145,10.5,152,10.5,172,152,160,172,1,1
1978,L138,2017,BWTE,grass,grass,48.49797,-102.47752,t,141,13,152,12.5,160,152,152,160,1,1
1979,L139,2017,GADW,grass,grass,48.73003,-102.80461,t,142,17,153,15.8,175,153,169,175,1,1
1980,L140,2017,MALL,grass,grass,48.72936,-102.80447,t,147,21,153,17.5,160,153,153,160,1,1
1981,L141,2017,NSHO,grass,grass,48.73133,-102.80531,t,140,13,153,14.3,175,153,173,173,0,1
1982,L142,2017,GADW,grass,grass,48.7212,-102.79824,t,146,15,153,19.5,169,153,160,169,1,1
1983,L143,2017,MALL,grass,grass,48.72435,-102.8017,t,147,16.3,153,16.3,169,153,160,169,1,1
1984,L144,2017,BWTE,grass,grass,48.07496,-101.64256,t,142,15.8,154,16.3,166,154,154,166,1,1
1985,L145,2017,BWTE,grass,grass,48.07565,-101.64315,t,148,8.5,154,13,172,154,167,172,1,1
1986,L146,2017,BWTE,grass,grass,48.07638,-101.64803,t,145,5,154,8.5,166,154,154,166,1,1
1987,L148,2017,BWTE,grass,grass,48.07603,-101.64973,t,152,7,154,13,166,154,154,166,1,1
1988,L149,2017,NSHO,grass,grass,48.07601,-101.64969,t,151,9.5,154,10,166,154,154,166,1,1
1989,L15,2017,MALL,hay,grass,48.61139,-102.39496,t,118,5,131,4.3,137,131,131,137,1,1
1990,L150,2017,BWTE,grass,grass,48.07774,-101.65025,t,151,7,154,8.3,172,154,166,172,1,1
1991,L152,2017,BWTE,grass,grass,48.07454,-101.65172,t,144,5.5,154,9,166,154,154,166,1,1
1992,L153,2017,BWTE,grass,grass,48.07704,-101.65289,t,139,5.5,154,6.7,172,154,171,171,0,1
1993,L155,2017,BWTE,grass,grass,48.08004,-101.65102,t,135,7,154,9.5,167,154,166,166,0,1
1994,L156,2017,GADW,other,short.wet,48.07797,-101.65316,t,145,9,154,19,172,154,154,172,1,1
1995,L157,2017,BWTE,grass,low.shrub,48.73011,-102.68799,t,144,12,154,6.5,163,154,160,163,1,1
1996,L159,2017,BWTE,grass,grass,48.73024,-102.67792,t,142,8.5,154,7,173,154,163,173,1,1
1997,L160,2017,BWTE,grass,grass,48.73367,-102.67754,t,143,10.7,154,8.7,179,154,176,176,0,1
1998,L161,2017,NSHO,grass,low.shrub,48.67565,-102.71265,t,148,12,155,13.5,183,155,177,177,0,1
1999,L162,2017,GADW,grass,low.shrub,48.67514,-102.71392,t,146,15.5,155,17,172,155,162,172,1,1
2000,L163,2017,GADW,grass,tall.shrub,48.67734,-102.71375,t,147,22.5,155,24,162,155,155,162,1,1
2001,L164,2017,BWTE,grass,tall.shrub,48.67409,-102.71642,t,140,9,155,18.8,177,155,173,173,0,1
2002,L165,2017,GADW,grass,grass,48.67324,-102.71674,t,130,11.5,155,8.5,162,155,161,161,0,1
2003,L166,2017,BWTE,grass,grass,48.6739,-102.71808,t,146,8.5,155,10.3,177,155,176,176,0,1
2004,L167,2017,BWTE,grass,grass,48.05161,-101.62524,t,155,9,157,10,167,157,157,167,1,1
2005,L168,2017,BWTE,hay,grass,48.05165,-101.62929,t,147,4.5,157,8.5,167,157,157,167,1,1
2006,L169,2017,BWTE,grass,grass,48.05085,-101.63408,t,150,5.5,157,9,167,157,157,167,1,1
2007,L17,2017,AGWT,grass,grass,48.62885,-102.4888,t,123,11.5,137,14.5,161,137,157,157,0,1
2008,L171,2017,BWTE,grass,grass,48.04974,-101.62072,t,149,6,157,4,166,157,157,166,1,1
2009,L173,2017,BWTE,grass,grass,48.04803,-101.62657,t,144,9,157,10,167,157,157,167,1,1
2010,L174,2017,BWTE,grass,grass,48.04476,-101.63031,t,152,8,157,6,186,157,184,184,0,1
2011,L175,2017,BWTE,other,short.wet,48.04491,-101.62622,t,141,8,157,10.5,178,157,174,174,0,1
2012,L176,2017,GADW,grass,grass,48.04545,-101.62212,t,146,8,157,8.5,166,157,157,166,1,1
2013,L178,2017,GADW,other,low.shrub,48.04691,-101.62323,t,147,18,157,16.5,172,157,166,172,1,1
2014,L179,2017,NSHO,grass,grass,48.04716,-101.62115,t,142,7,157,6,166,157,157,166,1,1
2015,L18,2017,BWTE,grass,low.shrub,48.66978,-102.71614,t,132,9,138,12.5,172,138,166,166,0,1
2016,L180,2017,NSHO,grass,grass,48.62838,-102.41649,t,151,14,158,18.8,183,158,176,183,1,1
2017,L181,2017,GADW,other,low.shrub,48.6366,-102.60205,t,153,17.5,158,21.5,176,158,170,176,1,1
2018,L182,2017,BWTE,grass,grass,48.6385,-102.60313,t,145,12.5,158,15.5,186,158,180,180,0,1
2019,L183,2017,MALL,crp,forb,48.64013,-102.6012,t,157,19.5,158,25,170,158,158,170,1,1
2020,L184,2017,MALL,crp,forb,48.64072,-102.59642,t,154,23.5,158,39.8,186,158,185,185,0,1
2021,L185,2017,MALL,other,low.shrub,48.63366,-102.59772,t,151,20.5,158,16,170,158,158,170,1,1
2022,L186,2017,GADW,grass,grass,48.74399,-102.67365,t,149,17.5,160,22.5,183,160,177,183,1,1
2023,L187,2017,MALL,grass,grass,48.74895,-102.67799,t,153,15,161,24,189,161,186,186,0,1
2024,L188,2017,GADW,grass,grass,48.74847,-102.67755,t,140,14,161,17,177,161,172,172,0,1
2025,L189,2017,BWTE,grass,grass,48.74857,-102.67752,t,141,13,161,14,177,161,172,172,0,1
2026,L190,2017,BWTE,grass,grass,48.74797,-102.67677,t,144,14.5,161,12.5,171,161,161,171,1,1
2027,L191,2017,MALL,grass,grass,48.74829,-102.67708,t,143,14.5,161,14.5,171,161,161,171,1,1
2028,L192,2017,NSHO,grass,grass,48.74893,-102.67731,t,146,12,161,15.3,183,161,179,179,0,1
2029,L193,2017,MALL,grass,grass,48.74727,-102.67609,t,156,20,161,33,183,161,177,183,1,1
2030,L194,2017,GADW,grass,grass,48.74655,-102.67662,t,145,19.5,161,18.5,171,161,161,171,1,1
2031,L195,2017,MALL,grass,grass,48.74596,-102.67611,t,151,18,161,18.5,189,161,185,185,0,1
2032,L196,2017,GADW,grass,grass,48.74586,-102.67625,t,144,17,161,26,183,161,178,178,0,1
2033,L197,2017,GADW,grass,grass,48.74478,-102.676,t,150,13.5,161,17,171,161,161,171,1,1
2034,L198,2017,BWTE,grass,forb,48.74465,-102.6766,t,145,14,161,16,171,161,161,171,1,1
2035,L199,2017,MALL,grass,grass,48.74345,-102.6753,t,138,16.5,161,17,177,161,172,172,0,1
2036,L20,2017,MALL,other,tall.shrub,48.67039,-102.71547,t,120,9,138,21,143,138,138,143,1,1
2037,L200,2017,NOPI,grass,grass,48.74616,-102.67564,t,146,11,161,12,177,161,174,174,0,1
2038,L201,2017,LESC,grass,forb,48.7494,-102.67496,t,149,16,161,21.8,183,161,177,183,1,1
2039,L203,2017,MALL,grass,low.shrub,48.62855,-102.48331,t,156,12.5,161,17.3,171,161,161,171,1,1
2040,L205,2017,GADW,grass,grass,48.74722,-102.67493,t,154,14.5,161,26.5,195,161,190,190,0,1
2041,L206,2017,GADW,grass,grass,48.74679,-102.67465,t,152,15,161,21.5,189,161,185,185,0,1
2042,L207,2017,GADW,other,short.wet,48.74511,-102.67447,t,154,13,162,15.5,171,162,162,171,1,1
2043,L208,2017,MALL,grass,grass,48.74481,-102.67456,t,149,13.5,162,24.5,183,162,177,183,1,1
2044,L209,2017,MALL,grass,grass,48.74258,-102.67461,t,139,9,162,12.5,171,162,170,170,0,1
2045,L21,2017,MALL,other,tall.shrub,48.67427,-102.71593,t,117,14.5,138,19,149,138,147,147,0,1
2046,L210,2017,MALL,grass,grass,48.74223,-102.67436,t,142,14,162,20,183,162,178,178,0,1
2047,L211,2017,MALL,grass,grass,48.74238,-102.67429,t,140,14,162,16,177,162,174,174,0,1
2048,L212,2017,GADW,grass,grass,48.74431,-102.67421,t,160,12,162,22.5,202,162,198,198,0,1
2049,L214,2017,GADW,grass,grass,48.74789,-102.67416,t,153,14,162,16.5,195,162,190,190,0,1
2050,L215,2017,BWTE,grass,grass,48.74894,-102.67338,t,105,16.5,162,19.5,171,162,163,163,0,1
2051,L216,2017,BWTE,grass,grass,48.7467,-102.67317,t,145,9.5,162,12,171,162,162,171,1,1
2052,L217,2017,BWTE,grass,grass,48.74384,-102.67313,t,138,5,162,8,171,162,162,171,1,1
2053,L219,2017,AMWI,grass,grass,48.74236,-102.67287,t,145,14.5,162,20.5,177,162,171,177,1,1
2054,L22,2017,BWTE,other,low.shrub,48.67547,-102.71772,t,130,8,138,10,172,138,163,163,0,1
2055,L220,2017,BWTE,grass,grass,48.74249,-102.67274,t,139,13.5,162,15.5,171,162,162,171,1,1
2056,L221,2017,BWTE,grass,grass,48.74511,-102.67255,t,144,9,162,21,177,162,176,176,0,1
2057,L222,2017,GADW,grass,grass,48.74625,-102.67238,t,141,10,162,14.8,177,162,174,174,0,1
2058,L223,2017,BWTE,grass,grass,48.746,-102.67199,t,135,11.5,162,16.3,171,162,168,168,0,1
2059,L224,2017,MALL,grass,grass,48.74315,-102.67137,t,157,20,162,28.5,184,162,177,184,1,1
2060,L225,2017,GADW,grass,grass,48.74434,-102.67142,t,154,10.5,162,12,171,162,162,171,1,1
2061,L226,2017,BWTE,grass,grass,48.74449,-102.67121,t,145,10.5,162,18.8,183,162,178,178,0,1
2062,L227,2017,MALL,grass,grass,48.7467,-102.67133,t,153,11.5,162,16,171,162,162,171,1,1
2063,L228,2017,BWTE,grass,grass,48.7475,-102.6713,t,149,11.5,162,17.5,183,162,181,181,0,1
2064,L229,2017,NSHO,grass,forb,48.74766,-102.67153,t,141,15,162,19.3,177,162,172,172,0,1
2065,L230,2017,AMWI,grass,low.shrub,48.7489,-102.67136,t,144,16,162,20.8,177,162,176,176,0,1
2066,L231,2017,GADW,grass,grass,48.7486,-102.67053,t,147,15.5,162,22.8,183,162,181,181,0,1
2067,L232,2017,GADW,grass,grass,48.74729,-102.67053,t,144,11,162,12.5,171,162,162,171,1,1
2068,L233,2017,AMWI,grass,grass,48.74301,-102.67104,t,145,9.5,162,20.3,183,162,178,178,0,1
2069,L234,2017,NOPI,grass,grass,48.74578,-102.66987,t,145,11,162,15,171,162,162,171,1,1
2070,L235,2017,MALL,grass,grass,48.74921,-102.66944,t,153,15.5,162,18,195,162,189,195,1,1
2071,L236,2017,MALL,grass,grass,48.74927,-102.66897,t,149,13.5,162,17.8,189,162,184,184,0,1
2072,L237,2017,MALL,grass,grass,48.74647,-102.66872,t,147,17,162,24.8,184,162,178,178,0,1
2073,L238,2017,BWTE,grass,grass,48.74554,-102.66827,t,153,8,162,12.5,189,162,185,185,0,1
2074,L239,2017,BWTE,grass,grass,48.74829,-102.66755,t,137,15.5,162,19.5,177,162,172,172,0,1
2075,L24,2017,NSHO,grass,grass,48.0512,-101.63567,t,134,5,139,10.5,167,139,157,167,1,1
2076,L240,2017,BWTE,grass,low.shrub,48.67012,-102.72059,t,142,14.5,162,19,177,162,173,173,0,1
2077,L242,2017,BWTE,grass,grass,48.73381,-102.67921,t,144,12.5,163,11.8,173,163,163,173,1,1
2078,L243,2017,GADW,other,tall.shrub,48.73449,-102.67963,t,156,14.5,163,14.3,196,163,190,190,0,1
2079,L245,2017,BWTE,grass,grass,48.73019,-102.68001,t,149,6.5,163,5.3,173,163,163,173,1,1
2080,L246,2017,MALL,other,tall.shrub,48.72559,-102.6789,t,159,22.5,163,22.3,196,163,193,193,0,1
2081,L247,2017,GADW,other,low.shrub,48.73277,-102.68257,t,154,15.5,163,15,189,163,186,186,0,1
2082,L248,2017,NOPI,other,low.shrub,48.73247,-102.6829,t,151,16,163,22,173,163,163,173,1,1
2083,L249,2017,BWTE,other,low.shrub,48.73227,-102.68228,t,145,9.5,163,7.5,173,163,163,173,1,1
2084,L25,2017,BWTE,grass,grass,48.05082,-101.6268,t,133,8,139,10.5,167,139,166,166,0,1
2085,L251,2017,AMWI,other,low.shrub,48.73273,-102.68095,t,147,21.5,163,22.5,173,163,163,173,1,1
2086,L252,2017,GADW,other,tall.shrub,48.73126,-102.685,t,147,22,163,18,179,163,179,179,0,1
2087,L253,2017,BWTE,other,grass,48.7318,-102.68512,t,131,11,163,10,173,163,164,164,0,1
2088,L254,2017,GADW,other,low.shrub,48.73299,-102.68545,t,149,17,163,21,173,163,163,173,1,1
2089,L255,2017,BWTE,other,low.shrub,48.72972,-102.68642,t,142,10.5,163,10,179,163,174,174,0,1
2090,L256,2017,MALL,grass,grass,48.73444,-102.68877,t,147,14.5,166,20.3,184,166,179,184,1,1
2091,L257,2017,MALL,other,low.shrub,48.73095,-102.68846,t,158,22,166,21.3,184,166,173,184,1,1
2092,L258,2017,GADW,grass,grass,48.62181,-102.37012,t,151,17.5,166,24,187,166,184,184,0,1
2093,L259,2017,MALL,hay,forb,48.53024,-102.52476,t,150,23,167,17.5,178,167,173,178,1,1
2094,L26,2017,NOPI,grass,grass,48.05075,-101.62051,t,135,8,139,8,157,139,151,157,1,1
2095,L260,2017,NOPI,hay,forb,48.52995,-102.52329,t,146,28.5,167,24.5,184,167,179,179,0,1
2096,L261,2017,GADW,hay,forb,48.53106,-102.52307,t,148,18.8,167,20,184,167,179,179,0,1
2097,L262,2017,GADW,hay,grass,48.61015,-102.39563,t,156,16,167,16.3,192,167,192,192,0,1
2098,L263,2017,GADW,hay,grass,48.60818,-102.3942,t,155,25,167,32.8,192,167,188,188,0,1
2099,L264,2017,MALL,hay,grass,48.60954,-102.39253,t,155,18.3,167,22.8,173,167,167,173,1,1
2100,L265,2017,MALL,hay,grass,48.60849,-102.39182,t,149,21.5,167,34.3,187,167,183,183,0,1
2101,L266,2017,MALL,hay,grass,48.60823,-102.39228,t,154,28.5,167,24.8,173,167,167,173,1,1
2102,L267,2017,GADW,hay,grass,48.6062,-102.39193,t,159,23,167,31.8,205,167,193,193,0,1
2103,L268,2017,MALL,hay,grass,48.60452,-102.39158,t,147,17,167,20.5,187,167,180,180,0,1
2104,L269,2017,GADW,hay,grass,48.60928,-102.3917,t,153,18,167,15.8,173,167,167,173,1,1
2105,L270,2017,MALL,hay,forb,48.61001,-102.38956,t,162,18.8,167,20.5,198,167,193,193,0,1
2106,L271,2017,MALL,hay,grass,48.60966,-102.38976,t,139,16.3,167,13.5,173,167,173,173,0,1
2107,L272,2017,GADW,hay,forb,48.60901,-102.38973,t,159,17,167,21.3,192,167,179,192,1,1
2108,L273,2017,GADW,hay,grass,48.60889,-102.38983,t,147,20,167,24.8,187,167,181,181,0,1
2109,L274,2017,GADW,hay,grass,48.61014,-102.38856,t,159,16.3,167,11,198,167,193,193,0,1
2110,L275,2017,NSHO,hay,grass,48.61126,-102.38885,t,155,19,167,32.5,187,167,185,185,0,1
2111,L276,2017,GADW,hay,forb,48.61019,-102.38792,t,154,18.8,167,20,192,167,188,188,0,1
2112,L277,2017,GADW,hay,grass,48.60908,-102.3876,t,159,22.8,167,32.5,192,167,187,192,1,1
2113,L278,2017,MALL,hay,grass,48.60499,-102.38714,t,139,20,168,20.3,173,168,169,169,0,1
2114,L279,2017,GADW,hay,grass,48.60564,-102.38635,t,161,22,168,20.5,173,168,168,173,1,1
2115,L28,2017,BWTE,grass,grass,48.05049,-101.63154,t,128,7,139,5,157,139,151,157,1,1
2116,L281,2017,BWTE,grass,grass,48.62056,-102.36955,t,158,11.3,168,10.5,175,168,168,175,1,1
2117,L282,2017,BWTE,grass,grass,48.62051,-102.36843,t,160,17,167,17.8,187,167,181,187,1,1
2118,L283,2017,MALL,grass,grass,48.62214,-102.36981,t,163,16,168,18.3,187,168,181,187,1,1
2119,L284,2017,MALL,grass,forb,48.62182,-102.36683,t,160,13.5,168,16,175,168,168,175,1,1
2120,L285,2017,MALL,grass,grass,48.62231,-102.36648,t,162,15.3,168,18.5,187,168,181,187,1,1
2121,L286,2017,AMWI,grass,grass,48.62355,-102.3666,t,163,20.3,168,26.8,181,168,175,181,1,1
2122,L287,2017,MALL,grass,grass,48.62362,-102.36709,t,158,22.5,168,22.5,198,168,193,193,0,1
2123,L289,2017,GADW,grass,grass,48.62352,-102.36619,t,162,18.3,169,16.5,192,169,187,192,1,1
2124,L290,2017,MALL,grass,forb,48.62424,-102.36938,t,152,19.5,169,18,187,169,181,187,1,1
2125,L291,2017,LESC,grass,grass,48.62507,-102.36926,t,159,13.8,169,13.5,175,169,169,175,1,1
2126,L292,2017,MALL,grass,grass,48.62629,-102.36858,t,155,10.3,169,14.3,181,169,175,181,1,1
2127,L293,2017,GADW,grass,grass,48.62624,-102.36909,t,157,13.3,169,10.5,175,169,169,175,1,1
2128,L294,2017,GADW,grass,grass,48.62641,-102.41403,t,159,12.3,169,10,196,169,191,191,0,1
2129,L295,2017,BWTE,grass,grass,48.62642,-102.41882,t,148,13,169,13,176,169,169,176,1,1
2130,L296,2017,BWTE,grass,grass,48.62679,-102.41525,t,144,13.3,169,15.8,176,169,171,171,0,1
2131,L297,2017,MALL,grass,grass,48.62712,-102.4127,t,160,27,169,31.8,183,169,176,183,1,1
2132,L298,2017,MALL,grass,grass,48.62753,-102.41093,t,155,21.5,169,27.8,183,169,176,183,1,1
2133,L299,2017,BWTE,grass,grass,48.62761,-102.4145,t,139,10.3,169,11.8,176,169,170,170,0,1
2134,L3,2017,NOPI,grass,grass,48.62387,-102.36897,t,102,7.3,123,5.8,129,123,123,129,1,1
2135,L30,2017,BWTE,grass,grass,48.0489,-101.62409,t,132,6.5,139,9.3,144,139,139,144,1,1
2136,L300,2017,GADW,grass,low.shrub,48.62889,-102.41273,t,149,19,169,25.3,176,169,169,176,1,1
2137,L301,2017,BWTE,grass,grass,48.62909,-102.41537,t,141,7.8,169,8.8,176,169,173,173,0,1
2138,L302,2017,AMWI,grass,low.shrub,48.6296,-102.41419,t,151,30.3,169,31.8,188,169,183,188,1,1
2139,L303,2017,BWTE,grass,grass,48.62931,-102.4105,t,156,12.8,169,15,188,169,183,188,1,1
2140,L304,2017,BWTE,grass,forb,48.63189,-102.41508,t,158,16.3,169,16,176,169,169,176,1,1
2141,L305,2017,NSHO,grass,grass,48.63017,-102.41125,t,153,13.8,169,15,176,169,169,176,1,1
2142,L306,2017,GADW,grass,forb,48.63211,-102.41789,t,155,18.8,170,18.5,176,170,170,176,1,1
2143,L307,2017,BWTE,grass,grass,48.63186,-102.41792,t,146,18.3,170,20.3,176,170,175,175,0,1
2144,L308,2017,BWTE,grass,grass,48.62949,-102.49284,t,162,13,170,10.5,186,170,176,186,1,1
2145,L309,2017,AMWI,grass,grass,48.62736,-102.49151,t,157,12.8,170,8,196,170,189,189,0,1
2146,L31,2017,BWTE,grass,grass,48.04836,-101.62084,t,131,8,139,7,166,139,157,166,1,1
2147,L310,2017,GADW,grass,grass,48.62663,-102.48804,t,151,16.5,170,17.5,186,170,184,184,0,1
2148,L311,2017,BWTE,grass,grass,48.62767,-102.48649,t,136,14.5,170,15,176,170,171,171,0,1
2149,L312,2017,BWTE,grass,grass,48.62888,-102.49372,t,164,17.5,171,15.3,189,171,186,189,1,1
2150,L313,2017,LESC,grass,grass,48.62661,-102.49369,t,161,12.3,171,11.5,186,171,176,186,1,1
2151,L314,2017,BWTE,grass,grass,48.627,-102.48363,t,157,15,171,15.5,189,171,187,187,0,1
2152,L315,2017,LESC,grass,grass,48.63099,-102.48484,t,166,18,171,13,202,171,201,201,0,1
2153,L316,2017,BWTE,grass,forb,48.63165,-102.48472,t,167,14.8,171,11,202,171,199,199,0,1
2154,L317,2017,GADW,other,low.shrub,48.63278,-102.48523,t,156,28.5,171,23.8,186,171,186,186,0,1
2155,L318,2017,GADW,grass,grass,48.62802,-102.48314,t,153,16.3,171,14.5,176,171,171,176,1,1
2156,L319,2017,BWTE,grass,grass,48.62893,-102.48245,t,157,11,171,8,196,171,190,190,0,1
2157,L32,2017,MALL,grass,grass,48.04765,-101.63043,t,116,6.5,139,6.3,151,139,144,151,1,1
2158,L322,2017,BWTE,grass,grass,48.63006,-102.4798,t,153,12.8,171,14.5,186,171,176,186,1,1
2159,L323,2017,MALL,grass,grass,48.74926,-102.66666,t,161,20,171,23.8,184,171,177,184,1,1
2160,L325,2017,GADW,grass,grass,48.74403,-102.67587,t,157,21.3,171,28,195,171,190,190,0,1
2161,L326,2017,BWTE,grass,grass,48.07591,-101.64658,t,153,8.8,172,8,186,172,178,186,1,1
2162,L327,2017,AMWI,grass,grass,48.07814,-101.6482,t,158,21.8,172,19,178,172,172,178,1,1
2163,L328,2017,MALL,grass,grass,48.07814,-101.64806,t,159,17.8,172,15.5,178,172,172,178,1,1
2164,L329,2017,BWTE,grass,grass,48.07833,-101.64836,t,160,8.3,172,6,178,172,172,178,1,1
2165,L331,2017,BWTE,grass,forb,48.63115,-102.47736,t,168,14.5,173,10.5,202,173,199,199,0,1
2166,L332,2017,GADW,grass,grass,48.50259,-102.4764,t,165,13.5,173,8.5,192,173,186,192,1,1
2167,L333,2017,GADW,grass,grass,48.50265,-102.47486,t,155,18.5,173,18,184,173,178,184,1,1
2168,L334,2017,BWTE,grass,grass,48.50183,-102.46825,t,162,11.8,173,5,198,173,193,193,0,1
2169,L335,2017,GADW,grass,grass,48.50177,-102.47246,t,156,15.8,173,13.8,186,173,184,186,1,1
2170,L336,2017,BWTE,grass,grass,48.50108,-102.46778,t,165,11.8,173,5,192,173,186,192,1,1
2171,L338,2017,BWTE,grass,grass,48.50073,-102.469,t,160,14,173,5.5,184,173,178,184,1,1
2172,L339,2017,GADW,grass,forb,48.50063,-102.47473,t,166,16.3,173,4.5,198,173,197,197,0,1
2173,L340,2017,GADW,grass,grass,48.49888,-102.4829,t,168,13,173,10.5,178,173,173,178,1,1
2174,L341,2017,BWTE,grass,grass,48.49822,-102.48167,t,168,12.5,173,14.3,186,173,184,186,1,1
2175,L342,2017,BWTE,grass,grass,48.68549,-102.66747,t,167,10.8,175,11.5,181,175,175,181,1,1
2176,L343,2017,NSHO,grass,grass,48.6854,-102.66671,t,150,20.3,175,21.8,188,175,182,182,0,1
2177,L344,2017,GADW,grass,low.shrub,48.68514,-102.66503,t,166,26,175,26,181,175,175,181,1,1
2178,L345,2017,NSHO,grass,forb,48.68534,-102.66596,t,155,16,175,17.3,181,175,175,181,1,1
2179,L346,2017,GADW,grass,grass,48.68411,-102.66621,t,158,20.5,175,18.5,188,175,181,188,1,1
2180,L347,2017,GADW,grass,low.shrub,48.68377,-102.66541,t,165,26.3,175,25,195,175,194,194,0,1
2181,L348,2017,MALL,grass,grass,48.68313,-102.66595,t,166,14.5,175,14.5,181,175,175,181,1,1
2182,L349,2017,GADW,grass,forb,48.6822,-102.66644,t,167,21.8,175,23.8,181,175,175,181,1,1
2183,L351,2017,BWTE,grass,grass,48.68189,-102.66583,t,163,11.5,175,9,195,175,190,195,1,1
2184,L352,2017,BWTE,grass,grass,48.68208,-102.665,t,158,14.3,175,9.5,195,175,191,191,0,1
2185,L353,2017,BWTE,grass,grass,48.68041,-102.66747,t,164,11.5,175,9.5,202,175,202,202,0,1
2186,L354,2017,BWTE,grass,grass,48.72987,-102.80346,t,159,14.3,175,18.3,198,175,193,193,0,1
2187,L355,2017,GADW,grass,grass,48.73375,-102.80425,t,155,18,175,20.8,187,175,181,187,1,1
2188,L356,2017,GADW,grass,grass,48.72905,-102.80526,t,155,14.5,175,17.5,187,175,186,186,0,1
2189,L357,2017,BWTE,grass,grass,48.73135,-102.80577,t,167,12.8,175,17.8,187,175,181,187,1,1
2190,L358,2017,NSHO,grass,grass,48.77191,-102.69814,t,160,17,175,20,194,175,192,192,0,1
2191,L359,2017,BWTE,grass,grass,48.72874,-102.80808,t,155,17,176,19.8,192,176,187,192,1,1
2192,L360,2017,GADW,grass,grass,48.72704,-102.80154,t,160,20.5,176,25.3,198,176,193,193,0,1
2193,L361,2017,BWTE,grass,grass,48.72762,-102.80241,t,166,22.3,176,23.3,198,176,194,194,0,1
2194,L362,2017,MALL,grass,grass,48.72549,-102.803,t,158,23.8,176,27.3,198,176,193,193,0,1
2195,L363,2017,LESC,grass,grass,48.72482,-102.80323,t,165,21.8,176,21.8,205,176,201,201,0,1
2196,L364,2017,LESC,grass,grass,48.72766,-102.8044,t,166,14.5,176,18,187,176,181,187,1,1
2197,L365,2017,BWTE,grass,grass,48.72651,-102.80441,t,159,15.3,176,21,187,176,181,187,1,1
2198,L366,2017,LESC,grass,grass,48.7243,-102.8043,t,171,18.5,176,20.3,209,176,206,206,0,1
2199,L367,2017,NSHO,grass,grass,48.72471,-102.8049,t,173,16.3,176,24,205,176,204,204,0,1
2200,L368,2017,GADW,grass,grass,48.72728,-102.80621,t,166,20.3,176,24.5,192,176,181,192,1,1
2201,L37,2017,BWTE,grass,grass,48.74274,-102.67755,t,130,12.8,140,15,171,140,164,164,0,1
2202,L370,2017,BWTE,grass,grass,48.72285,-102.80151,t,156,23.8,176,25,192,176,188,188,0,1
2203,L371,2017,GADW,grass,grass,48.72298,-102.80217,t,167,16.8,176,3,205,176,201,201,0,1
2204,L372,2017,AMWI,other,forb,48.72293,-102.8037,t,159,23.3,176,20,198,176,193,193,0,1
2205,L373,2017,LESC,grass,grass,48.72279,-102.80453,t,161,20,176,14.5,198,176,196,196,0,1
2206,L374,2017,GADW,grass,grass,48.72224,-102.80253,t,159,23.5,176,23,192,176,191,191,0,1
2207,L375,2017,GADW,grass,forb,48.72112,-102.80143,t,164,17,176,24.5,192,176,187,192,1,1
2208,L376,2017,GADW,grass,grass,48.72073,-102.80076,t,123,18.3,176,16,181,176,177,177,0,1
2209,L377,2017,GADW,grass,grass,48.72094,-102.80299,t,171,22.3,176,25.8,181,176,176,181,1,1
2210,L378,2017,GADW,grass,grass,48.72121,-102.80596,t,156,20.3,176,23,192,176,190,190,0,1
2211,L379,2017,GADW,other,low.shrub,48.67002,-102.71387,t,166,18.5,176,24.5,183,176,176,183,1,1
2212,L38,2017,MALL,grass,grass,48.743,-102.67637,t,138,8.5,140,14,160,140,151,160,1,1
2213,L380,2017,GADW,grass,grass,48.6742,-102.71545,t,163,17.8,176,17,183,176,176,183,1,1
2214,L381,2017,GADW,grass,forb,48.67073,-102.7155,t,149,23.5,176,26,190,176,184,184,0,1
2215,L382,2017,LESC,grass,forb,48.67048,-102.71605,t,163,16.8,177,18.8,190,177,177,190,1,1
2216,L383,2017,LESC,grass,forb,48.67482,-102.71568,t,164,17.3,177,12.5,183,177,177,183,1,1
2217,L384,2017,GADW,grass,forb,48.67577,-102.71616,t,167,17.8,177,17,183,177,177,183,1,1
2218,L385,2017,BWTE,grass,grass,48.67391,-102.71815,t,170,12.5,177,14.5,190,177,183,190,1,1
2219,L386,2017,BWTE,grass,grass,48.67178,-102.71891,t,122,17,177,14,183,177,178,178,0,1
2220,L387,2017,GADW,grass,forb,48.67025,-102.71996,t,160,19,177,15.5,196,177,194,194,0,1
2221,L388,2017,MALL,grass,forb,48.6712,-102.71989,t,167,17.3,177,14,196,177,183,196,1,1
2222,L389,2017,NOPI,grass,grass,48.67014,-102.72058,t,166,22.8,177,23.3,181,177,177,181,1,1
2223,L390,2017,BWTE,grass,grass,48.05125,-101.62222,t,169,20,178,14,186,178,178,186,1,1
2224,L391,2017,BWTE,grass,grass,48.05113,-101.62096,t,173,9.3,178,9.3,198,178,191,198,1,1
2225,L392,2017,NSHO,grass,grass,48.04985,-101.62371,t,161,21.8,178,15,186,178,178,186,1,1
2226,L393,2017,NSHO,grass,grass,48.04925,-101.63022,t,161,10.5,178,13.8,198,178,192,192,0,1
2227,L394,2017,BWTE,grass,grass,48.04857,-101.62995,t,172,9.5,178,10,198,178,191,198,1,1
2228,L395,2017,GADW,grass,grass,48.04571,-101.62484,t,159,13,178,12,186,178,178,186,1,1
2229,L396,2017,GADW,grass,grass,48.04618,-101.6205,t,169,13.8,178,10,186,178,178,186,1,1
2230,L397,2017,BWTE,grass,grass,48.04656,-101.62852,t,165,10.8,178,12,198,178,196,196,0,1
2231,L398,2017,LESC,grass,grass,48.04715,-101.62817,t,165,13,178,14,186,178,178,186,1,1
2232,L399,2017,BWTE,grass,grass,48.0474,-101.62469,t,153,14,178,15.8,186,178,185,185,0,1
2233,L4,2017,MALL,hay,grass,48.60963,-102.39484,t,121,7.3,124,8.5,137,124,131,137,1,1
2234,L40,2017,NSHO,grass,grass,48.74686,-102.67667,t,129,9.8,140,13.5,160,140,158,158,0,1
2235,L400,2017,BWTE,grass,grass,48.63742,-102.59904,t,162,16.8,179,17.8,193,179,192,192,0,1
2236,L401,2017,BWTE,grass,forb,48.63786,-102.60374,t,164,16.3,179,15.3,198,179,193,198,1,1
2237,L402,2017,GADW,grass,forb,48.63537,-102.6021,t,162,22.8,179,24,186,179,179,186,1,1
2238,L403,2017,BWTE,grass,grass,48.64004,-102.6013,t,167,15.3,179,11.5,198,179,186,198,1,1
2239,L404,2017,BWTE,grass,forb,48.77431,-102.69678,t,173,18.8,181,15.5,187,181,181,187,1,1
2240,L405,2017,BWTE,grass,grass,48.77219,-102.69624,t,171,19.8,180,22,187,180,180,187,1,1
2241,L406,2017,NSHO,grass,grass,48.77125,-102.69624,t,152,18,180,20,187,180,180,187,1,1
2242,L407,2017,BWTE,grass,grass,48.77223,-102.69544,t,163,19.8,180,14,202,180,194,194,0,1
2243,L408,2017,GADW,grass,grass,48.77295,-102.69171,t,161,22.5,180,18.8,194,180,193,193,0,1
2244,L409,2017,BWTE,grass,grass,48.77251,-102.69146,t,155,19.3,180,15.5,194,180,188,188,0,1
2245,L41,2017,BWTE,grass,grass,48.74852,-102.67641,t,135,8.8,140,13.5,171,140,161,171,1,1
2246,L410,2017,LESC,grass,grass,48.77578,-102.69019,t,172,23.3,180,23,187,180,180,187,1,1
2247,L411,2017,BWTE,grass,grass,48.77407,-102.69682,t,174,19.3,181,19.8,194,181,187,194,1,1
2248,L413,2017,GADW,grass,grass,48.77442,-102.6897,t,164,21.5,181,20.3,202,181,196,196,0,1
2249,L414,2017,NSHO,grass,forb,48.74868,-102.67693,t,167,19,183,17,189,183,183,189,1,1
2250,L415,2017,LESC,grass,grass,48.74876,-102.67703,t,164,23.5,183,12,189,183,183,189,1,1
2251,L416,2017,NSHO,grass,forb,48.74691,-102.67659,t,167,27.8,183,22,202,183,196,196,0,1
2252,L417,2017,MALL,grass,grass,48.74617,-102.67667,t,164,30,183,20,189,183,183,183,0,1
2253,L419,2017,MALL,grass,grass,48.74335,-102.67577,t,168,23.5,183,18.5,195,183,183,195,1,1
2254,L42,2017,NSHO,grass,grass,48.74884,-102.67645,t,119,7.8,140,8,151,140,149,149,0,1
2255,L420,2017,LESC,grass,grass,48.74409,-102.67551,t,173,26.3,183,25.5,195,183,189,195,1,1
2256,L421,2017,GADW,grass,grass,48.74585,-102.67595,t,154,26.5,183,26,189,183,189,189,0,1
2257,L422,2017,GADW,grass,grass,48.74263,-102.67414,t,169,18.3,183,16,202,183,201,201,0,1
2258,L423,2017,LESC,grass,grass,48.7478,-102.67405,t,172,21.3,183,19.5,189,183,183,189,1,1
2259,L424,2017,GADW,grass,grass,48.74936,-102.67348,t,167,22.8,183,20,195,183,195,195,0,1
2260,L425,2017,LESC,grass,grass,48.74809,-102.67361,t,158,19,183,15,195,183,193,193,0,1
2261,L426,2017,BWTE,grass,grass,48.74657,-102.67332,t,164,17.8,183,12.5,202,183,196,196,0,1
2262,L427,2017,LESC,grass,grass,48.74295,-102.67297,t,166,18,183,18,189,183,183,189,1,1
2263,L428,2017,BWTE,grass,grass,48.74704,-102.67273,t,173,18.8,183,17,202,183,201,201,0,1
2264,L429,2017,LESC,grass,grass,48.74799,-102.67292,t,165,20.3,183,14,195,183,189,195,1,1
2265,L43,2017,MALL,grass,grass,48.7446,-102.67546,t,138,16.3,140,14,160,140,151,160,1,1
2266,L430,2017,GADW,grass,grass,48.74466,-102.67177,t,175,22,183,20.5,208,183,206,206,0,1
2267,L431,2017,LESC,grass,grass,48.747,-102.67107,t,174,21.5,183,19,202,183,195,202,1,1
2268,L432,2017,LESC,grass,grass,48.74753,-102.67121,t,171,18.3,183,16.8,208,183,204,204,0,1
2269,L433,2017,GADW,grass,grass,48.74775,-102.67157,t,154,19.5,183,19.5,189,183,186,186,0,1
2270,L434,2017,BWTE,grass,grass,48.74915,-102.67075,t,178,22,183,18.5,189,183,183,189,1,1
2271,L435,2017,GADW,grass,grass,48.74927,-102.67068,t,161,26.3,183,22,195,183,195,195,0,1
2272,L436,2017,MALL,grass,grass,48.74894,-102.66997,t,172,27.3,183,22.5,195,183,189,195,1,1
2273,L437,2017,MALL,grass,grass,48.74844,-102.67009,t,159,19,183,14.5,195,183,190,190,0,1
2274,L438,2017,GADW,grass,grass,48.74508,-102.67017,t,171,17.8,183,20.8,189,183,183,189,1,1
2275,L439,2017,BWTE,grass,forb,48.74298,-102.67114,t,129,22.5,183,24.3,189,183,184,184,0,1
2276,L44,2017,NSHO,grass,grass,48.74343,-102.67538,t,134,8.5,140,19,171,140,165,165,0,1
2277,L440,2017,LESC,grass,grass,48.74854,-102.66895,t,173,19.8,183,23.5,189,183,183,189,1,1
2278,L441,2017,BWTE,grass,forb,48.7484,-102.66923,t,173,21.3,183,19.5,208,183,203,203,0,1
2279,L442,2017,MALL,grass,grass,48.74765,-102.6694,t,172,15.3,183,15.3,189,183,183,189,1,1
2280,L443,2017,MALL,grass,grass,48.74907,-102.66817,t,162,29.3,183,22,195,183,195,195,0,1
2281,L444,2017,GADW,grass,grass,48.73426,-102.67938,t,169,16,184,6.3,196,184,189,196,1,1
2282,L446,2017,GADW,grass,forb,48.73319,-102.68027,t,152,28.5,184,22,189,184,185,185,0,1
2283,L447,2017,BWTE,grass,grass,48.72852,-102.67781,t,158,12.8,184,9.8,196,184,189,196,1,1
2284,L448,2017,BWTE,grass,grass,48.72701,-102.67932,t,160,17.8,184,13.8,196,184,191,191,0,1
2285,L449,2017,BWTE,grass,forb,48.72738,-102.68071,t,178,13.5,184,9,208,184,202,208,1,1
2286,L45,2017,NSHO,grass,grass,48.74375,-102.67493,t,129,7.3,140,7.5,146,140,140,146,1,1
2287,L450,2017,MALL,grass,forb,48.73208,-102.68185,t,174,21.5,184,20.3,189,184,184,189,1,1
2288,L451,2017,GADW,grass,forb,48.73196,-102.68204,t,156,21.5,184,22.3,189,184,189,189,0,1
2289,L452,2017,GADW,other,forb,48.73286,-102.68102,t,162,23,184,21,189,184,184,189,1,1
2290,L453,2017,BWTE,grass,forb,48.73122,-102.6857,t,168,15.5,184,13.8,196,184,189,196,1,1
2291,L454,2017,LESC,grass,grass,48.73098,-102.68825,t,171,15.8,184,7.3,202,184,196,202,1,1
2292,L455,2017,BWTE,grass,grass,48.73241,-102.68828,t,168,10,184,6.3,196,184,189,196,1,1
2293,L456,2017,NSHO,grass,grass,48.50105,-102.46835,t,157,15.3,186,6,192,186,188,188,0,1
2294,L457,2017,GADW,grass,grass,48.50095,-102.47315,t,169,18.8,186,8,205,186,192,205,1,1
2295,L458,2017,BWTE,grass,grass,48.49892,-102.47713,t,173,14.3,186,11.5,205,186,204,204,0,1
2296,L459,2017,MALL,grass,grass,48.49787,-102.47941,t,169,15,186,9,205,186,202,202,0,1
2297,L46,2017,BWTE,grass,grass,48.7472,-102.67437,t,130,6.5,140,9.5,171,140,162,171,1,1
2298,L462,2017,BWTE,hay,grass,48.60788,-102.39072,t,175,12.3,187,7.8,192,187,187,192,1,1
2299,L463,2017,GADW,hay,forb,48.60464,-102.38751,t,173,19,187,18.5,209,187,206,206,0,1
2300,L464,2017,MALL,grass,grass,48.62378,-102.36627,t,166,17.3,187,12,192,187,187,192,1,1
2301,L465,2017,GADW,grass,grass,48.62657,-102.36495,t,159,27.5,187,24,192,187,190,190,0,1
2302,L466,2017,LESC,grass,grass,48.62672,-102.41534,t,158,19.8,188,15.5,196,188,192,192,0,1
2303,L467,2017,LESC,grass,grass,48.62952,-102.41302,t,183,18.5,188,16,208,188,202,208,1,1
2304,L468,2017,GADW,grass,forb,48.62668,-102.47767,t,181,24,189,19.5,196,189,189,196,1,1
2305,L469,2017,GADW,grass,forb,48.63071,-102.48466,t,172,24.5,189,14,196,189,189,196,1,1
2306,L47,2017,BWTE,grass,grass,48.74634,-102.67392,t,129,10,140,13,160,140,151,160,1,1
2307,L470,2017,GADW,grass,grass,48.62774,-102.4853,t,181,25.5,189,19,208,189,202,208,1,1
2308,L471,2017,BWTE,grass,grass,48.62959,-102.48605,t,162,14,189,6.5,202,189,197,197,0,1
2309,L472,2017,GADW,grass,grass,48.62954,-102.48895,t,171,13.5,189,8,208,189,203,203,0,1
2310,L473,2017,LESC,grass,grass,48.62687,-102.49119,t,179,25.3,189,14.8,211,189,209,211,1,1
2311,L474,2017,LESC,grass,grass,48.68651,-102.66817,t,181,19,190,14,208,190,202,208,1,1
2312,L475,2017,GADW,grass,forb,48.68309,-102.66526,t,181,18.3,190,15.5,202,190,195,202,1,1
2313,L476,2017,GADW,grass,low.shrub,48.68217,-102.66762,t,174,19.5,190,20.5,195,190,190,195,1,1
2314,L477,2017,BWTE,grass,grass,48.68166,-102.66722,t,188,8,190,5.5,195,190,190,195,1,1
2315,L479,2017,GADW,grass,grass,48.04989,-101.63374,t,180,19.8,191,23.5,198,191,191,198,1,1
2316,L48,2017,MALL,grass,grass,48.74468,-102.67378,t,127,8.8,140,7,146,140,140,146,1,1
2317,L480,2017,GADW,grass,grass,48.04704,-101.62379,t,174,13.8,191,11.5,209,191,206,206,0,1
2318,L484,2017,MALL,grass,forb,48.74708,-102.67724,t,166,27,196,29.8,202,196,199,199,0,1
2319,L5,2017,MALL,hay,grass,48.60892,-102.38786,t,123,15.3,124,12.5,131,124,124,131,1,1
2320,L50,2017,MALL,grass,grass,48.74394,-102.67272,t,137,10,140,9.5,146,140,140,146,1,1
2321,L51,2017,BWTE,grass,grass,48.74392,-102.67302,t,132,10.3,140,13,160,140,151,160,1,1
2322,L52,2017,NSHO,grass,grass,48.74492,-102.67296,t,132,9.3,140,14.5,171,140,165,165,0,1
2323,L53,2017,BWTE,grass,grass,48.74332,-102.67119,t,131,9,140,11.5,171,140,164,164,0,1
2324,L54,2017,NOPI,grass,grass,48.74309,-102.67046,t,134,7,140,12.5,160,140,151,160,1,1
2325,L55,2017,MALL,grass,grass,48.74429,-102.67032,t,133,10.8,140,11.5,160,140,151,160,1,1
2326,L56,2017,BWTE,grass,grass,48.74692,-102.66949,t,126,9.5,140,5.3,146,140,140,146,1,1
2327,L57,2017,MALL,grass,grass,48.74269,-102.66904,t,124,9,140,9.5,160,140,157,157,0,1
2328,L6,2017,MALL,other,grass,48.63331,-102.41565,t,120,16.7,129,20,135,129,130,135,1,1
2329,L61,2017,BWTE,grass,grass,48.73225,-102.68139,t,128,9.8,142,8.5,173,142,164,164,0,1
2330,L62,2017,BWTE,other,low.shrub,48.72919,-102.68382,t,141,16.3,142,15,179,142,174,174,0,1
2331,L63,2017,AGWT,other,tall.shrub,48.7311,-102.68509,t,131,24.8,142,30.3,173,142,164,164,0,1
2332,L65,2017,AMWI,other,low.shrub,48.7303,-102.68649,t,131,17,142,20.8,173,142,164,164,0,1
2333,L66,2017,NOPI,hay,forb,48.52512,-102.52205,t,135,10.8,143,18,157,143,150,157,1,1
2334,L67,2017,BWTE,grass,grass,48.52656,-102.52346,t,128,16.5,143,30.8,166,143,157,166,1,1
2335,L68,2017,BWTE,hay,forb,48.52825,-102.52455,t,138,13.5,143,16,157,143,150,157,1,1
2336,L7,2017,NOPI,other,low.shrub,48.62636,-102.41093,t,121,5,129,7.5,135,129,129,135,1,1
2337,L70,2017,BWTE,hay,forb,48.5294,-102.5209,t,136,8.8,143,14,173,143,168,168,0,1
2338,L71,2017,MALL,hay,grass,48.60797,-102.39633,t,135,11,143,5,166,143,161,166,1,1
2339,L72,2017,MALL,hay,grass,48.60863,-102.3961,t,130,13,143,14.5,161,143,155,161,1,1
2340,L73,2017,MALL,hay,grass,48.60874,-102.39606,t,136,11.3,143,11.5,155,143,150,155,1,1
2341,L74,2017,GADW,hay,grass,48.60863,-102.39484,t,137,14.3,143,32,179,143,174,174,0,1
2342,L75,2017,MALL,hay,grass,48.60955,-102.38911,t,124,10.8,143,14.5,161,143,156,156,0,1
2343,L76,2017,BWTE,grass,grass,48.61912,-102.366,t,143,11.3,144,11,150,144,144,150,1,1
2344,L77,2017,MALL,grass,grass,48.61902,-102.36599,t,135,17,144,9.3,150,144,144,150,1,1
2345,L79,2017,BWTE,grass,grass,48.61963,-102.36651,t,139,11,144,8.5,166,144,158,166,1,1
2346,L8,2017,MALL,grass,grass,48.7292,-102.80445,t,132,13.5,133,16.5,160,133,153,160,1,1
2347,L81,2017,BWTE,grass,grass,48.62067,-102.36977,t,130,12,144,10.3,166,144,163,163,0,1
2348,L82,2017,NSHO,grass,grass,48.62195,-102.36867,t,141,12.5,144,7,166,144,158,166,1,1
2349,L84,2017,GADW,grass,grass,48.62373,-102.36731,t,120,15.5,144,14,158,144,150,158,1,1
2350,L85,2017,MALL,grass,grass,48.6272,-102.41242,t,139,12.5,145,8,150,145,145,150,1,1
2351,L86,2017,BWTE,grass,grass,48.62726,-102.41389,t,139,12.8,145,13.5,158,145,150,158,1,1
2352,L88,2017,NSHO,grass,grass,48.62748,-102.40845,t,137,14,145,17,176,145,170,170,0,1
2353,L89,2017,MALL,other,low.shrub,48.6279,-102.41348,t,139,17,145,17,158,145,150,158,1,1
2354,L9,2017,NSHO,grass,grass,48.63117,-102.49294,t,127,6.5,130,10.5,155,130,148,155,1,1
2355,L90,2017,BWTE,grass,grass,48.62807,-102.41604,t,134,12,145,10,158,145,150,158,1,1
2356,L91,2017,MALL,other,low.shrub,48.62804,-102.40947,t,122,15.5,145,14.5,158,145,155,155,0,1
2357,L92,2017,BWTE,grass,grass,48.62803,-102.40925,t,136,19.5,145,14.5,150,145,145,150,1,1
2358,L93,2017,MALL,grass,grass,48.62889,-102.41554,t,134,12.3,145,20.5,169,145,168,168,0,1
2359,L94,2017,NSHO,grass,grass,48.6291,-102.41357,t,136,11.5,145,13.3,176,145,170,170,0,1
2360,L95,2017,BWTE,grass,grass,48.62958,-102.41473,t,136,11.5,145,13,176,145,169,169,0,1
2361,L96,2017,NSHO,grass,grass,48.63099,-102.41295,t,140,13.5,146,12.5,169,146,158,169,1,1
2362,L98,2017,BWTE,grass,grass,48.62728,-102.49304,t,146,8.8,148,13,170,148,161,170,1,1
2363,L99,2017,BWTE,grass,grass,48.62793,-102.49302,t,135,13.8,148,9.5,155,148,148,155,1,1
2364,W1,2017,MALL,grass,grass,48.1517,-102.68394,t,112,4.3,123,3.3,139,123,133,139,1,1
2365,W10,2017,MALL,grass,forb,48.34647,-102.70225,t,119,7.8,125,7.8,130,125,125,130,1,1
2366,W100,2017,BWTE,grass,grass,48.49437,-102.39507,t,139,4.8,148,5.5,158,148,152,158,1,1
2367,W101,2017,BWTE,grass,grass,48.49532,-102.3946,t,147,5.8,148,5.5,152,148,148,152,1,1
2368,W102,2017,NSHO,grass,grass,48.49824,-102.39431,t,137,7.3,148,6.5,152,148,148,152,1,1
2369,W103,2017,BWTE,grass,grass,48.50201,-102.39206,t,146,6,148,6.3,169,148,163,169,1,1
2370,W104,2017,BWTE,grass,grass,48.49665,-102.39078,t,138,7,148,8.3,158,148,152,158,1,1
2371,W105,2017,NSHO,grass,grass,48.66534,-102.95616,t,141,7.8,148,7.3,155,148,148,155,1,1
2372,W107,2017,NSHO,grass,grass,48.66705,-102.95748,t,140,7.5,148,10,171,148,165,171,1,1
2373,W108,2017,NOPI,grass,grass,48.73372,-103.17481,t,138,11.3,149,11.3,171,149,165,171,1,1
2374,W109,2017,BWTE,grass,grass,48.72965,-103.17507,t,139,7.3,149,6,155,149,149,155,1,1
2375,W11,2017,MALL,grass,forb,48.41472,-102.65857,t,119,5.8,126,4.5,131,126,126,131,1,1
2376,W110,2017,GADW,grass,low.shrub,48.73197,-103.17283,t,138,10.5,149,9.5,155,149,149,155,1,1
2377,W111,2017,BWTE,grass,low.shrub,48.72959,-103.17217,t,142,10,149,10,175,149,173,173,0,1
2378,W112,2017,NOPI,grass,low.shrub,48.73149,-103.1718,t,142,11.3,149,13.3,155,149,149,155,1,1
2379,W113,2017,BWTE,grass,grass,48.72863,-103.16821,t,136,6,149,7,155,149,149,155,1,1
2380,W114,2017,BWTE,grass,grass,48.72922,-103.16686,t,131,7.8,149,8.8,155,149,149,155,1,1
2381,W115,2017,NSHO,grass,grass,48.72809,-103.1657,t,133,6.8,149,7.8,171,149,167,167,0,1
2382,W116,2017,GADW,grass,low.shrub,48.73064,-103.16998,t,141,17.8,149,19.5,160,149,155,160,1,1
2383,W117,2017,AMWI,grass,grass,48.73392,-103.17093,t,138,11.3,149,10,160,149,155,160,1,1
2384,W118,2017,NOPI,grass,grass,48.7341,-103.17114,t,139,10.3,149,8.3,155,149,149,155,1,1
2385,W119,2017,NSHO,grass,grass,48.73308,-103.17061,t,132,11,149,7.5,160,149,155,160,1,1
2386,W12,2017,MALL,grass,grass,48.41455,-102.66449,t,115,7.8,126,7.8,131,126,126,131,1,1
2387,W120,2017,GADW,grass,grass,48.73273,-103.17058,t,135,11.5,149,11.3,160,149,155,160,1,1
2388,W121,2017,NSHO,grass,grass,48.72988,-103.16882,t,135,10.5,149,7.3,155,149,149,155,1,1
2389,W122,2017,MALL,grass,grass,48.7302,-103.16828,t,139,9.5,149,12.8,155,149,149,155,1,1
2390,W123,2017,NSHO,grass,grass,48.73103,-103.16898,t,143,7.8,149,8.3,155,149,149,155,1,1
2391,W124,2017,GADW,grass,grass,48.73133,-103.16528,t,134,11.8,149,13.3,171,149,168,168,0,1
2392,W125,2017,GADW,grass,grass,48.73443,-103.16476,t,139,13,149,13.5,166,149,160,166,1,1
2393,W126,2017,NSHO,grass,grass,48.75064,-102.89249,t,142,10.5,150,12.8,170,150,163,170,1,1
2394,W127,2017,BWTE,grass,grass,48.75013,-102.8908,t,146,10.5,150,11.8,183,150,181,181,0,1
2395,W128,2017,BWTE,grass,grass,48.7506,-102.88743,t,140,11.5,150,12.3,163,150,157,163,1,1
2396,W129,2017,GADW,grass,grass,48.75126,-102.88694,t,134,11.3,150,11.3,157,150,150,157,1,1
2397,W13,2017,MALL,grass,mid.wet,48.66402,-102.9563,t,127,9.3,130,10.3,135,130,130,135,1,1
2398,W130,2017,BWTE,grass,grass,48.7519,-102.88834,t,149,10,150,11.3,176,150,170,176,1,1
2399,W131,2017,NOPI,grass,grass,48.75143,-102.89054,t,149,15,150,15.5,176,150,170,176,1,1
2400,W132,2017,BWTE,grass,grass,48.75095,-102.89402,t,143,10.3,150,11,163,150,157,163,1,1
2401,W133,2017,BWTE,grass,grass,48.7564,-102.89075,t,145,6.8,150,7.8,170,150,163,170,1,1
2402,W134,2017,BWTE,grass,grass,48.75587,-102.89429,t,135,9,151,9.5,158,151,151,158,1,1
2403,W135,2017,BWTE,grass,low.shrub,48.75626,-102.89529,t,146,8,151,8.5,176,151,170,176,1,1
2404,W136,2017,BWTE,grass,grass,48.75762,-102.89543,t,125,9.5,151,9.3,158,151,151,158,1,1
2405,W137,2017,NSHO,grass,grass,48.75809,-102.89594,t,146,10,151,12.5,176,151,170,176,1,1
2406,W138,2017,BWTE,grass,grass,48.75864,-102.89548,t,141,10.3,151,9.8,176,151,170,176,1,1
2407,W14,2017,NSHO,grass,grass,48.21014,-102.65543,t,122,4.8,131,5,152,131,144,152,1,1
2408,W140,2017,BWTE,grass,grass,48.76239,-102.89552,t,137,8.8,151,11.5,170,151,169,169,0,1
2409,W141,2017,MALL,grass,grass,48.76339,-102.89516,t,130,9,151,9.8,165,151,164,164,0,1
2410,W142,2017,BWTE,grass,grass,48.76273,-102.89536,t,139,7,151,8.5,170,151,169,169,0,1
2411,W143,2017,MALL,grass,grass,48.7584,-102.89465,t,144,16.5,151,16.8,158,151,151,158,1,1
2412,W144,2017,BWTE,grass,grass,48.75681,-102.89428,t,131,12.5,151,14.5,170,151,166,166,0,1
2413,W145,2017,BWTE,grass,grass,48.75798,-102.89373,t,139,9.5,151,10.8,170,151,158,170,1,1
2414,W146,2017,BWTE,grass,grass,48.75972,-102.89307,t,143,13,151,13,177,151,170,177,1,1
2415,W147,2017,BWTE,grass,grass,48.75871,-102.8932,t,132,10.5,151,12.3,170,151,166,166,0,1
2416,W148,2017,BWTE,grass,grass,48.76272,-102.89309,t,147,8.5,151,10.3,170,151,165,170,1,1
2417,W149,2017,GADW,grass,grass,48.75819,-102.89119,t,141,11.8,151,10.3,165,151,158,165,1,1
2418,W15,2017,NOPI,grass,low.shrub,48.73234,-103.17334,t,125,6.8,132,7.3,138,132,132,138,1,1
2419,W150,2017,BWTE,grass,grass,48.76332,-102.89597,t,150,9.5,151,8,165,151,158,165,1,1
2420,W151,2017,MALL,grass,grass,48.20787,-102.65514,t,136,21.5,152,22.3,171,152,170,170,0,1
2421,W152,2017,BWTE,grass,grass,48.20693,-102.65357,t,144,10,152,12.3,177,152,176,176,0,1
2422,W153,2017,NSHO,grass,grass,48.20878,-102.65383,t,127,14.3,152,10.8,166,152,159,166,1,1
2423,W154,2017,BWTE,grass,grass,48.20473,-102.65041,t,138,8.8,152,10.5,171,152,166,171,1,1
2424,W155,2017,MALL,grass,grass,48.21057,-102.65108,t,148,14.3,152,12.5,159,152,152,159,1,1
2425,W157,2017,MALL,grass,grass,48.20559,-102.64902,t,138,11.5,152,8.5,159,152,152,159,1,1
2426,W158,2017,GADW,grass,grass,48.20686,-102.64851,t,144,9.8,152,9,159,152,152,159,1,1
2427,W159,2017,BWTE,grass,grass,48.75709,-102.8903,t,142,12.3,152,12.3,177,152,172,172,0,1
2428,W16,2017,MALL,grass,low.shrub,48.72894,-103.16936,t,125,16.5,132,16.8,155,132,153,153,0,1
2429,W160,2017,BWTE,grass,grass,48.75706,-102.89024,t,137,9.8,152,8.8,177,152,171,171,0,1
2430,W161,2017,MALL,grass,grass,48.7607,-102.88943,t,134,19.3,152,16.3,158,152,152,158,1,1
2431,W162,2017,BWTE,grass,grass,48.76103,-102.8895,t,141,11,152,10.5,177,152,173,173,0,1
2432,W163,2017,NOPI,grass,grass,48.75729,-102.88892,t,125,10.5,152,10,158,152,156,156,0,1
2433,W164,2017,GADW,grass,grass,48.76318,-102.8894,t,135,12.5,152,8.3,158,152,152,158,1,1
2434,W165,2017,AGWT,grass,grass,48.76133,-102.88754,t,150,18.5,152,11.5,158,152,152,158,1,1
2435,W166,2017,GADW,grass,grass,48.76124,-102.88729,t,141,14,152,13.5,165,152,152,165,1,1
2436,W167,2017,GADW,grass,grass,48.76345,-102.88685,t,142,12.5,152,11.5,177,152,174,174,0,1
2437,W168,2017,GADW,grass,grass,48.77918,-103.19122,t,146,19.3,153,20.5,186,153,181,181,0,1
2438,W169,2017,GADW,grass,grass,48.7797,-103.19663,t,146,13,153,13.3,186,153,181,181,0,1
2439,W17,2017,MALL,grass,grass,48.73381,-103.17117,t,126,9.3,132,9,138,132,132,138,1,1
2440,W170,2017,MALL,grass,grass,48.77967,-103.19337,t,148,15,153,14.3,186,153,181,181,0,1
2441,W171,2017,BWTE,grass,grass,48.77995,-103.19545,t,140,12.5,153,11.5,158,153,153,158,1,1
2442,W172,2017,GADW,grass,grass,48.78027,-103.19641,t,143,13.3,153,13,158,153,153,158,1,1
2443,W173,2017,GADW,grass,grass,48.78001,-103.19832,t,143,15,153,14.5,180,153,179,179,0,1
2444,W174,2017,MALL,grass,grass,48.78017,-103.20222,t,147,17,153,16.8,162,153,158,162,1,1
2445,W175,2017,MALL,grass,grass,48.78055,-103.19173,t,146,16,153,17.8,180,153,179,179,0,1
2446,W176,2017,GADW,grass,grass,48.78089,-103.19877,t,143,13.5,153,16.8,180,153,179,179,0,1
2447,W177,2017,NOPI,grass,grass,48.78095,-103.19932,t,134,13,153,13.5,167,153,163,163,0,1
2448,W178,2017,GADW,grass,grass,48.7815,-103.19378,t,144,16,153,16.3,180,153,178,178,0,1
2449,W179,2017,GADW,grass,grass,48.78178,-103.19631,t,139,11.8,153,12,180,153,174,174,0,1
2450,W18,2017,MALL,grass,grass,48.73083,-103.1646,t,121,13.5,132,15,155,132,154,154,0,1
2451,W180,2017,GADW,grass,grass,48.78157,-103.19926,t,136,17.5,153,18.8,173,153,169,169,0,1
2452,W181,2017,NOPI,grass,grass,48.78344,-103.19203,t,139,14.5,153,11.8,162,153,158,162,1,1
2453,W182,2017,NSHO,grass,grass,48.78299,-103.19886,t,149,13.5,155,8,191,155,186,191,1,1
2454,W183,2017,BWTE,grass,grass,48.78398,-103.19975,t,145,11.8,155,11.8,180,155,177,177,0,1
2455,W184,2017,BWTE,grass,grass,48.78367,-103.19209,t,144,9,155,8.3,180,155,176,176,0,1
2456,W185,2017,NOPI,grass,grass,48.78422,-103.19199,t,141,12,155,12.5,173,155,169,169,0,1
2457,W186,2017,MALL,grass,grass,48.78452,-103.19914,t,130,17.3,155,18,162,155,155,162,1,1
2458,W187,2017,BWTE,grass,grass,48.78536,-103.19984,t,145,10.3,155,9.3,180,155,179,179,0,1
2459,W188,2017,GADW,grass,grass,48.73108,-103.17019,t,143,15.3,155,13.3,160,155,155,160,1,1
2460,W189,2017,BWTE,grass,grass,48.67424,-103.16605,t,139,10,156,10.8,163,156,156,163,1,1
2461,W19,2017,MALL,grass,grass,48.73191,-103.16637,t,128,9.5,132,9.5,138,132,132,138,1,1
2462,W190,2017,BWTE,grass,grass,48.67556,-103.16502,t,149,11,157,11,163,157,157,163,1,1
2463,W191,2017,MALL,grass,grass,48.67152,-103.16521,t,134,13.3,156,13.3,177,156,171,171,0,1
2464,W192,2017,MALL,grass,grass,48.67428,-103.16275,t,148,8.8,157,8.8,170,157,163,170,1,1
2465,W193,2017,GADW,grass,grass,48.66663,-103.16664,t,144,13.8,156,15.5,170,156,163,170,1,1
2466,W195,2017,BWTE,grass,grass,48.6624,-103.16595,t,147,10.3,156,8.8,163,156,156,163,1,1
2467,W196,2017,BWTE,grass,grass,48.66248,-103.1658,t,148,10.5,157,11.3,177,157,176,176,0,1
2468,W197,2017,GADW,grass,grass,48.66463,-103.16463,t,141,9.5,157,6.3,163,157,157,163,1,1
2469,W198,2017,BWTE,grass,grass,48.66754,-103.16374,t,146,12,157,8.3,163,157,157,163,1,1
2470,W199,2017,GADW,grass,grass,48.66627,-103.16338,t,147,15.3,157,11.8,163,157,157,163,1,1
2471,W2,2017,MALL,grass,grass,48.14713,-102.66788,t,112,8,122,8,128,122,122,128,1,1
2472,W20,2017,NOPI,grass,low.shrub,48.7288,-103.16477,t,119,4.8,132,4.8,149,132,148,148,0,1
2473,W200,2017,MALL,grass,grass,48.66235,-103.16277,t,142,13.3,157,11,163,157,157,163,1,1
2474,W201,2017,NOPI,grass,grass,48.66581,-103.16203,t,142,11.8,157,8.8,163,157,157,163,1,1
2475,W202,2017,BWTE,grass,grass,48.75061,-102.8876,t,146,12.5,157,6.5,163,157,157,163,1,1
2476,W203,2017,MALL,grass,grass,48.75109,-102.88712,t,144,13.5,157,14.3,163,157,157,163,1,1
2477,W204,2017,BWTE,hay,grass,48.69802,-103.17477,t,134,10.5,158,11.8,170,158,163,170,1,1
2478,W205,2017,BWTE,hay,grass,48.69838,-103.17406,t,153,11.3,158,12,170,158,163,170,1,1
2479,W206,2017,BWTE,grass,grass,48.76352,-102.89518,t,152,8.8,158,8,170,158,158,170,1,1
2480,W207,2017,GADW,grass,grass,48.69557,-103.24316,t,143,10.8,159,9.5,174,159,166,174,1,1
2481,W208,2017,BWTE,grass,grass,48.69472,-103.24261,t,147,15.5,159,12,173,159,166,173,1,1
2482,W209,2017,BWTE,grass,grass,48.69395,-103.24306,t,145,6.3,159,6.5,166,159,159,166,1,1
2483,W21,2017,BWTE,grass,grass,48.75628,-102.89497,t,128,4.3,133,3.3,140,133,133,140,1,1
2484,W210,2017,NSHO,grass,grass,48.69314,-103.24309,t,153,6.5,159,9.5,189,159,185,185,0,1
2485,W211,2017,NSHO,grass,grass,48.69667,-103.2401,t,150,9.3,159,7.3,166,159,159,166,1,1
2486,W212,2017,GADW,grass,grass,48.69661,-103.23999,t,143,17.3,159,14,173,159,166,173,1,1
2487,W213,2017,BWTE,grass,grass,48.69162,-103.24073,t,147,10,159,6.3,173,159,166,173,1,1
2488,W214,2017,NSHO,grass,grass,48.69599,-103.23461,t,145,7.3,159,4.8,166,159,159,166,1,1
2489,W215,2017,GADW,grass,grass,48.69498,-103.23253,t,153,17.8,160,16.8,178,160,173,178,1,1
2490,W216,2017,GADW,grass,grass,48.69227,-103.23077,t,153,13,160,14.3,184,160,178,184,1,1
2491,W217,2017,LESC,grass,grass,48.69201,-103.22602,t,150,13,160,11.5,178,160,173,178,1,1
2492,W218,2017,BWTE,grass,grass,48.69244,-103.2265,t,140,11.3,160,13,178,160,174,174,0,1
2493,W219,2017,MALL,grass,grass,48.69201,-103.22365,t,157,13.5,160,15.3,173,160,166,173,1,1
2494,W22,2017,BWTE,grass,grass,48.75044,-102.89023,t,123,4,133,7,163,133,158,158,0,1
2495,W221,2017,MALL,grass,grass,48.69524,-103.22442,t,144,14.5,160,14,178,160,173,178,1,1
2496,W222,2017,BWTE,grass,grass,48.6935,-103.22446,t,142,10.5,160,11.8,166,160,160,166,1,1
2497,W223,2017,GADW,grass,grass,48.69424,-103.22582,t,144,11.8,160,11,178,160,160,178,1,1
2498,W224,2017,BWTE,grass,grass,48.85106,-103.88468,t,161,13.8,162,14.3,167,162,162,167,1,1
2499,W225,2017,GADW,grass,grass,48.84924,-103.88192,t,153,12,162,12.5,167,162,162,167,1,1
2500,W226,2017,BWTE,grass,grass,48.84776,-103.88892,t,153,12.5,162,12.8,173,162,167,173,1,1
2501,W227,2017,GADW,grass,grass,48.84703,-103.89275,t,152,14.8,162,18.8,186,162,186,186,0,1
2502,W228,2017,GADW,grass,grass,48.8448,-103.89246,t,148,14.5,162,14.8,180,162,179,179,0,1
2503,W229,2017,AMWI,grass,grass,48.82124,-103.86042,t,156,10,162,11.5,173,162,167,173,1,1
2504,W23,2017,BWTE,grass,grass,48.75125,-102.88686,t,126,6,133,6.3,157,133,150,157,1,1
2505,W230,2017,NSHO,grass,grass,48.82154,-103.86089,t,130,5.8,162,6.5,167,162,163,163,0,1
2506,W231,2017,LESC,grass,grass,48.78121,-103.19844,t,155,13,162,11,196,162,194,194,0,1
2507,W232,2017,LESC,grass,grass,48.78106,-103.19863,t,154,10.5,162,10.8,191,162,191,191,0,1
2508,W233,2017,NOPI,grass,grass,48.15305,-102.6875,t,155,15,163,15.3,169,163,163,169,1,1
2509,W234,2017,BWTE,grass,grass,48.153,-102.68303,t,148,8,163,7.3,187,163,182,182,0,1
2510,W235,2017,GADW,grass,grass,48.1524,-102.6851,t,151,17.3,163,22.5,193,163,188,188,0,1
2511,W236,2017,BWTE,grass,grass,48.14741,-102.68451,t,158,8,163,5.3,187,163,181,187,1,1
2512,W237,2017,MALL,grass,low.shrub,48.14806,-102.68429,t,157,17,163,12.5,193,163,190,190,0,1
2513,W238,2017,GADW,grass,grass,48.15311,-102.66837,t,148,11.8,163,14.8,187,163,185,185,0,1
2514,W239,2017,MALL,grass,grass,48.14938,-102.66801,t,152,10.5,163,9.8,169,163,163,169,1,1
2515,W24,2017,MALL,grass,grass,48.75079,-102.89411,t,120,9,133,4.5,150,133,145,150,1,1
2516,W240,2017,GADW,grass,grass,48.15122,-102.66903,t,156,13.3,163,10,193,163,188,188,0,1
2517,W241,2017,GADW,grass,grass,48.15303,-102.66917,t,150,12.8,163,11.3,169,163,163,169,1,1
2518,W242,2017,MALL,grass,grass,48.15242,-102.66933,t,156,13.5,163,14.8,175,163,169,175,1,1
2519,W243,2017,GADW,grass,grass,48.15202,-102.66973,t,137,12.3,163,10.5,169,163,163,169,1,1
2520,W244,2017,BWTE,grass,grass,48.15005,-102.6691,t,145,10,163,10.5,181,163,178,178,0,1
2521,W245,2017,MALL,grass,grass,48.14907,-102.6696,t,153,12.5,163,11.5,187,163,182,182,0,1
2522,W246,2017,MALL,grass,grass,48.14754,-102.66955,t,149,14.3,163,13,169,163,163,169,1,1
2523,W247,2017,GADW,grass,grass,48.14907,-102.67031,t,147,11.5,163,9.3,169,163,163,169,1,1
2524,W248,2017,MALL,grass,grass,48.14938,-102.66994,t,154,19.8,163,19.8,181,163,175,181,1,1
2525,W249,2017,BWTE,grass,grass,48.15192,-102.66999,t,156,16.8,163,16,169,163,163,169,1,1
2526,W25,2017,BWTE,grass,grass,48.76155,-102.89509,t,124,8,133,8.5,140,133,133,140,1,1
2527,W250,2017,BWTE,grass,grass,48.14912,-102.67195,t,164,13.5,166,10.3,198,166,194,194,0,1
2528,W251,2017,MALL,grass,grass,48.14837,-102.67294,t,141,13,166,13,182,166,178,178,0,1
2529,W252,2017,NOPI,grass,grass,48.34882,-102.69943,t,139,8.5,166,7.8,178,166,173,173,0,1
2530,W253,2017,LESC,grass,grass,48.3435,-102.70026,t,155,10.3,166,12,187,166,186,186,0,1
2531,W254,2017,GADW,grass,grass,48.34681,-102.70324,t,142,14.8,166,15,173,166,166,173,1,1
2532,W255,2017,GADW,grass,grass,48.34246,-102.6991,t,156,9.8,166,10.3,173,166,166,173,1,1
2533,W256,2017,NSHO,grass,grass,48.34783,-102.70343,t,159,11,167,11.8,173,167,167,173,1,1
2534,W257,2017,NSHO,grass,grass,48.3456,-102.70623,t,141,8.5,167,8.5,173,167,173,173,0,1
2535,W258,2017,MALL,grass,grass,48.34656,-102.70609,t,143,10,167,12,178,167,176,176,0,1
2536,W26,2017,BWTE,grass,grass,48.76059,-102.8928,t,125,6.5,133,7,140,133,133,140,1,1
2537,W260,2017,BWTE,grass,grass,48.34205,-102.70351,t,146,4.8,167,6,173,167,169,169,0,1
2538,W261,2017,NOPI,grass,grass,48.3425,-102.7036,t,161,19,167,16.8,173,167,167,173,1,1
2539,W262,2017,GADW,grass,grass,48.34308,-102.70586,t,143,14.8,167,13.5,183,167,179,179,0,1
2540,W263,2017,NOPI,grass,grass,48.4133,-102.66588,t,155,17.8,168,18.8,182,168,175,182,1,1
2541,W264,2017,BWTE,grass,grass,48.41047,-102.66412,t,147,13.8,168,9.3,175,168,168,175,1,1
2542,W265,2017,GADW,grass,grass,48.41197,-102.66271,t,149,20.5,168,19.8,181,168,175,181,1,1
2543,W266,2017,GADW,grass,grass,48.41192,-102.66267,t,149,15.8,168,12.3,190,168,184,184,0,1
2544,W267,2017,NSHO,grass,grass,48.41221,-102.66293,t,148,17,168,12.5,175,168,168,175,1,1
2545,W268,2017,BWTE,grass,grass,48.41373,-102.66169,t,151,10.5,168,10.8,182,168,181,181,0,1
2546,W269,2017,MALL,grass,grass,48.41139,-102.66095,t,154,17.5,168,20.3,190,168,187,187,0,1
2547,W27,2017,BWTE,hay,grass,48.75624,-102.88855,t,131,6.3,135,7.5,150,135,145,150,1,1
2548,W270,2017,MALL,grass,grass,48.41349,-102.66026,t,154,11.8,168,12.3,175,168,168,175,1,1
2549,W271,2017,MALL,grass,grass,48.4128,-102.65808,t,155,20.5,168,25.3,190,168,183,190,1,1
2550,W272,2017,NSHO,grass,grass,48.40261,-102.66855,t,152,13.3,169,13.8,175,169,169,175,1,1
2551,W273,2017,NSHO,grass,grass,48.40365,-102.66668,t,153,13,169,13.3,175,169,169,175,1,1
2552,W274,2017,BWTE,grass,grass,48.40459,-102.65962,t,115,15,169,15.5,175,169,170,170,0,1
2553,W275,2017,GADW,grass,grass,48.40202,-102.66107,t,151,8,169,10.5,184,169,183,183,0,1
2554,W276,2017,NSHO,grass,grass,48.40736,-102.65979,t,140,17.8,169,18.3,175,169,172,172,0,1
2555,W277,2017,BWTE,grass,grass,48.49539,-102.40764,t,160,8.5,170,5,183,170,176,183,1,1
2556,W278,2017,BWTE,grass,grass,48.4955,-102.40756,t,168,3.3,170,2.5,176,170,170,176,1,1
2557,W279,2017,BWTE,grass,grass,48.50225,-102.48597,t,151,5.5,170,4,176,170,170,176,1,1
2558,W280,2017,GADW,grass,grass,48.4982,-102.40512,t,148,7.5,170,5.8,183,170,181,181,0,1
2559,W281,2017,NSHO,grass,grass,48.49476,-102.40366,t,154,13,170,11.5,183,170,176,183,1,1
2560,W282,2017,BWTE,grass,grass,48.49689,-102.40026,t,169,8.8,170,5,196,170,191,196,1,1
2561,W283,2017,BWTE,grass,grass,48.501,-102.40144,t,162,9.3,170,4.8,176,170,170,176,1,1
2562,W284,2017,MALL,grass,grass,48.5028,-102.40014,t,156,6.5,170,4.5,196,170,192,192,0,1
2563,W285,2017,GADW,grass,grass,48.20892,-102.65458,t,146,16,171,17,184,171,178,178,0,1
2564,W286,2017,LESC,grass,grass,48.2062,-102.65388,t,166,13.8,171,15,202,171,201,201,0,1
2565,W287,2017,LESC,grass,grass,48.20971,-102.65355,t,154,9.3,171,10,177,171,171,177,1,1
2566,W288,2017,MALL,grass,low.shrub,48.20901,-102.65256,t,157,21,171,19.8,195,171,189,189,0,1
2567,W289,2017,BWTE,grass,grass,48.20609,-102.65105,t,164,12.3,171,7,202,171,196,196,0,1
2568,W29,2017,MALL,grass,grass,48.75981,-102.88695,t,123,14,135,14,140,135,135,140,1,1
2569,W290,2017,GADW,grass,grass,48.20699,-102.65066,t,163,11,171,8.3,188,171,184,188,1,1
2570,W291,2017,NSHO,grass,grass,48.21087,-102.65028,t,164,8.5,171,5.8,202,171,195,202,1,1
2571,W292,2017,BWTE,grass,grass,48.49647,-102.39424,t,163,8.3,171,3,176,171,171,176,1,1
2572,W293,2017,GADW,grass,grass,48.50219,-102.39233,t,166,12.3,171,6.3,183,171,176,183,1,1
2573,W294,2017,MALL,grass,grass,48.66614,-102.95257,t,155,9.3,172,9.3,180,172,177,180,1,1
2574,W295,2017,MALL,grass,grass,48.77858,-103.19716,t,163,14,173,14.5,180,173,173,180,1,1
2575,W296,2017,GADW,grass,grass,48.77892,-103.19564,t,158,22.8,173,23.3,196,173,193,193,0,1
2576,W297,2017,BWTE,grass,grass,48.7789,-103.19543,t,164,14.5,173,11.3,191,173,186,191,1,1
2577,W298,2017,NOPI,grass,grass,48.77899,-103.19608,t,164,17.5,173,21.8,196,173,192,192,0,1
2578,W299,2017,NOPI,grass,grass,48.77909,-103.19734,t,153,14.5,173,15.5,186,173,181,181,0,1
2579,W3,2017,MALL,grass,grass,48.14811,-102.67734,t,110,4.8,123,11,143,123,139,143,1,1
2580,W30,2017,NOPI,grass,grass,48.77945,-103.19791,t,131,8,137,9.3,153,137,143,153,1,1
2581,W300,2017,NOPI,grass,grass,48.77937,-103.19808,t,166,14,173,17.3,196,173,192,192,0,1
2582,W301,2017,GADW,grass,grass,48.77916,-103.20001,t,155,22.8,173,22.8,180,173,173,180,1,1
2583,W302,2017,NSHO,grass,grass,48.77934,-103.20152,t,162,11.8,173,13,196,173,192,192,0,1
2584,W303,2017,MALL,grass,grass,48.77957,-103.19878,t,163,18,173,16.8,196,173,195,195,0,1
2585,W304,2017,MALL,grass,grass,48.77962,-103.19507,t,159,18,173,20,196,173,194,194,0,1
2586,W305,2017,LESC,grass,grass,48.78003,-103.19875,t,157,15.8,173,13,196,173,191,196,1,1
2587,W306,2017,MALL,grass,grass,48.78005,-103.19861,t,163,12.5,173,10.3,196,173,195,195,0,1
2588,W307,2017,MALL,grass,grass,48.78004,-103.20191,t,151,13.3,173,15.3,186,173,184,184,0,1
2589,W308,2017,GADW,grass,grass,48.78096,-103.19496,t,167,11.8,173,1,203,173,198,198,0,1
2590,W309,2017,GADW,grass,grass,48.78119,-103.19766,t,156,15.8,173,13.5,180,173,173,180,1,1
2591,W31,2017,NOPI,grass,grass,48.77958,-103.19167,t,132,9.5,137,9.8,158,137,143,158,1,1
2592,W310,2017,GADW,grass,grass,48.78132,-103.19426,t,155,11.5,173,11,191,173,188,188,0,1
2593,W311,2017,BWTE,grass,grass,48.78162,-103.19254,t,159,8,173,6.3,180,173,173,180,1,1
2594,W312,2017,GADW,grass,grass,48.78214,-103.19513,t,161,13.8,173,14.3,186,173,185,185,0,1
2595,W313,2017,MALL,grass,grass,48.78192,-103.19484,t,151,22.5,173,23.8,186,173,184,184,0,1
2596,W314,2017,NOPI,grass,grass,48.78187,-103.19949,t,163,15,173,13.8,186,173,180,186,1,1
2597,W315,2017,BWTE,grass,grass,48.78178,-103.20117,t,151,13,173,7.8,180,173,173,180,1,1
2598,W316,2017,MALL,grass,grass,48.7837,-103.19854,t,162,19.5,173,19,196,173,196,196,0,1
2599,W317,2017,GADW,grass,grass,48.78461,-103.19863,t,154,15.5,173,15,191,173,189,189,0,1
2600,W318,2017,BWTE,grass,grass,48.78436,-103.20026,t,164,13.8,173,11.8,196,173,191,196,1,1
2601,W319,2017,MALL,grass,grass,48.73452,-103.17041,t,173,11,175,11,180,175,175,180,1,1
2602,W32,2017,NSHO,grass,grass,48.78054,-103.19505,t,128,6.3,137,6,158,137,153,158,1,1
2603,W320,2017,NOPI,grass,grass,48.73421,-103.17065,t,153,13.5,175,12.8,188,175,185,185,0,1
2604,W321,2017,GADW,grass,grass,48.73235,-103.17093,t,172,19,175,20.8,205,175,202,202,0,1
2605,W322,2017,GADW,grass,grass,48.73357,-103.17096,t,168,13.5,175,15.8,205,175,199,199,0,1
2606,W323,2017,GADW,grass,grass,48.73358,-103.1711,t,158,14.5,175,17.3,193,175,189,189,0,1
2607,W324,2017,GADW,grass,grass,48.73241,-103.17136,t,165,11.3,175,14.3,193,175,192,192,0,1
2608,W325,2017,MALL,grass,grass,48.7337,-103.17367,t,158,14.3,175,13.5,193,175,188,193,1,1
2609,W326,2017,GADW,grass,grass,48.73148,-103.16891,t,168,14.8,175,15,205,175,199,199,0,1
2610,W327,2017,NSHO,grass,grass,48.7304,-103.16836,t,165,12.5,175,13.8,198,175,196,196,0,1
2611,W328,2017,GADW,grass,grass,48.73461,-103.16911,t,169,13.8,175,12.5,205,175,198,205,1,1
2612,W329,2017,NSHO,grass,grass,48.73164,-103.16827,t,157,12.5,175,12.5,181,175,175,181,1,1
2613,W33,2017,BWTE,grass,grass,48.78098,-103.20201,t,129,8.5,137,9.3,153,137,143,153,1,1
2614,W330,2017,GADW,grass,grass,48.73265,-103.16602,t,160,13.8,175,15,181,175,175,181,1,1
2615,W331,2017,BWTE,grass,grass,48.75061,-102.88907,t,163,11.8,176,10.8,190,176,183,190,1,1
2616,W332,2017,BWTE,grass,grass,48.7506,-102.89532,t,157,12.8,176,13.5,190,176,176,190,1,1
2617,W333,2017,GADW,grass,grass,48.75065,-102.89503,t,163,13.5,176,13.5,183,176,176,183,1,1
2618,W334,2017,BWTE,grass,grass,48.75114,-102.89527,t,155,12.3,176,12.5,190,176,186,186,0,1
2619,W335,2017,BWTE,grass,grass,48.75534,-102.89495,t,170,10.3,176,11.8,190,176,183,190,1,1
2620,W336,2017,GADW,grass,grass,48.75381,-102.89512,t,164,15.8,176,18,204,176,198,198,0,1
2621,W337,2017,MALL,grass,grass,48.75328,-102.89425,t,167,15.5,176,16,197,176,190,197,1,1
2622,W338,2017,NSHO,grass,grass,48.75358,-102.89419,t,161,10.8,176,11.8,197,176,193,193,0,1
2623,W339,2017,MALL,grass,grass,48.7546,-102.89094,t,168,18.5,176,14.3,183,176,176,183,1,1
2624,W34,2017,NOPI,grass,grass,48.78136,-103.20068,t,131,8.5,137,13.3,153,137,143,153,1,1
2625,W340,2017,AGWT,grass,low.shrub,48.7525,-102.88739,t,164,19.5,176,19.5,183,176,176,183,1,1
2626,W341,2017,MALL,grass,grass,48.75503,-102.88981,t,148,11.3,176,11.5,183,176,182,182,0,1
2627,W342,2017,GADW,grass,grass,48.75601,-102.88982,t,152,21.8,176,17.3,183,176,176,183,1,1
2628,W343,2017,BWTE,grass,grass,48.75623,-102.89575,t,163,9.8,176,12.5,197,176,190,197,1,1
2629,W344,2017,LESC,grass,grass,48.75682,-102.89333,t,163,20.8,176,21,204,176,199,199,0,1
2630,W345,2017,BWTE,grass,grass,48.7565,-102.89005,t,162,8.5,176,10,197,176,190,197,1,1
2631,W346,2017,GADW,grass,grass,48.75786,-102.89549,t,171,14.3,176,15.5,204,176,200,200,0,1
2632,W347,2017,LESC,grass,grass,48.76067,-102.89532,t,164,12.8,176,13.8,183,176,176,183,1,1
2633,W348,2017,BWTE,grass,grass,48.76186,-102.89553,t,152,16,176,16.5,190,176,187,187,0,1
2634,W349,2017,LESC,grass,grass,48.76333,-102.89594,t,163,10,176,9.8,183,176,176,183,1,1
2635,W35,2017,BWTE,grass,grass,48.78269,-103.20045,t,127,9,137,10.8,167,137,163,163,0,1
2636,W350,2017,LESC,grass,grass,48.76332,-102.89597,t,160,14.8,176,8.8,197,176,190,197,1,1
2637,W351,2017,BWTE,grass,grass,48.76319,-102.89584,t,172,12.8,176,12.5,183,176,176,183,1,1
2638,W353,2017,LESC,grass,grass,48.76201,-102.89505,t,156,14.3,176,9,183,176,176,183,1,1
2639,W354,2017,LESC,grass,grass,48.75777,-102.89447,t,159,8.3,176,5.8,183,176,176,183,1,1
2640,W355,2017,LESC,grass,grass,48.7612,-102.8941,t,169,17,176,16.8,183,176,176,183,1,1
2641,W356,2017,LESC,grass,grass,48.76355,-102.89339,t,157,13.3,176,15,183,176,176,183,1,1
2642,W357,2017,MALL,grass,grass,48.76315,-102.89282,t,169,14.3,176,13,190,176,183,190,1,1
2643,W358,2017,AGWT,grass,grass,48.76105,-102.89124,t,171,8.8,177,9.8,197,177,190,197,1,1
2644,W359,2017,GADW,grass,grass,48.75804,-102.89223,t,172,19.8,177,18.8,190,177,183,190,1,1
2645,W36,2017,NSHO,grass,grass,48.78346,-103.19212,t,131,9.8,137,13,167,137,163,163,0,1
2646,W360,2017,MALL,grass,grass,48.75718,-102.89171,t,172,15.3,177,18.8,204,177,204,204,0,1
2647,W361,2017,GADW,grass,grass,48.75817,-102.89185,t,153,17.3,177,17.8,190,177,188,188,0,1
2648,W362,2017,MALL,grass,grass,48.7583,-102.89169,t,162,17.8,177,17.8,190,177,183,190,1,1
2649,W363,2017,GADW,grass,grass,48.76152,-102.89087,t,162,18.3,177,15.8,197,177,190,197,1,1
2650,W364,2017,LESC,grass,grass,48.76295,-102.89158,t,156,19,177,17.5,197,177,190,197,1,1
2651,W365,2017,MALL,grass,grass,48.75934,-102.88974,t,172,20,177,22.8,204,177,204,204,0,1
2652,W366,2017,LESC,grass,grass,48.75919,-102.88924,t,159,7.8,177,7,183,177,177,183,1,1
2653,W367,2017,MALL,grass,grass,48.75715,-102.88856,t,162,24,177,18.8,190,177,183,190,1,1
2654,W368,2017,LESC,grass,grass,48.76295,-102.88902,t,154,18,177,20.3,197,177,193,193,0,1
2655,W37,2017,MALL,grass,grass,48.78533,-103.19691,t,129,9.3,137,11.3,158,137,157,157,0,1
2656,W370,2017,GADW,grass,grass,48.75798,-102.88817,t,157,17.5,177,14.5,190,177,183,190,1,1
2657,W371,2017,GADW,grass,grass,48.75711,-102.88763,t,167,17.5,177,16.8,183,177,177,183,1,1
2658,W372,2017,NSHO,grass,grass,48.75858,-102.88739,t,174,19.8,177,19.8,183,177,177,183,1,1
2659,W373,2017,GADW,grass,grass,48.75959,-102.88754,t,170,18,177,14.3,197,177,190,197,1,1
2660,W374,2017,GADW,grass,grass,48.76213,-102.88671,t,160,24.3,177,20.5,197,177,190,197,1,1
2661,W375,2017,NSHO,grass,grass,48.76224,-102.88554,t,125,10.3,177,10.8,183,177,178,178,0,1
2662,W376,2017,AGWT,grass,grass,48.75937,-102.88712,t,159,10,177,10.3,183,177,177,183,1,1
2663,W377,2017,LESC,grass,grass,48.76005,-102.88655,t,157,9.8,177,8,190,177,183,190,1,1
2664,W378,2017,MALL,grass,grass,48.67399,-103.16725,t,165,21.5,178,19,189,178,184,189,1,1
2665,W379,2017,GADW,grass,grass,48.67552,-103.16593,t,172,14,178,10,195,178,189,195,1,1
2666,W38,2017,MALL,grass,grass,48.78476,-103.20205,t,127,11.3,137,10.8,143,137,137,143,1,1
2667,W381,2017,LESC,grass,grass,48.66674,-103.16786,t,165,14.8,178,11,189,178,184,189,1,1
2668,W382,2017,GADW,grass,grass,48.66615,-103.16749,t,169,16,178,13,202,178,195,195,1,1
2669,W383,2017,GADW,grass,grass,48.66573,-103.16731,t,171,14,178,7.3,202,178,195,202,1,1
2670,W384,2017,GADW,grass,grass,48.66526,-103.16673,t,172,16.3,178,12.8,184,178,178,184,1,1
2671,W385,2017,BWTE,grass,grass,48.6673,-103.16592,t,169,11.8,178,12,184,178,178,184,1,1
2672,W386,2017,GADW,grass,grass,48.66523,-103.16607,t,172,21.5,178,16.3,184,178,178,184,1,1
2673,W387,2017,GADW,grass,grass,48.66332,-103.16615,t,166,15.3,178,11.8,189,178,184,189,1,1
2674,W388,2017,GADW,grass,grass,48.66607,-103.1647,t,172,19.8,178,18.3,195,178,189,195,1,1
2675,W389,2017,MALL,grass,grass,48.66269,-103.16382,t,170,15.5,178,13.8,195,178,189,195,1,1
2676,W390,2017,NOPI,grass,grass,48.66645,-103.16357,t,166,20,178,19.3,195,178,194,194,0,1
2677,W391,2017,LESC,grass,grass,48.66606,-103.16332,t,152,15.8,178,18,195,178,190,190,0,1
2678,W392,2017,GADW,grass,grass,48.66306,-103.1632,t,169,17.8,178,14.3,184,178,178,184,1,1
2679,W393,2017,GADW,grass,grass,48.6628,-103.16268,t,156,13.8,178,11.3,189,178,184,189,1,1
2680,W394,2017,GADW,hay,grass,48.69531,-103.17442,t,161,16.8,178,3,195,178,194,194,0,1
2681,W395,2017,GADW,hay,grass,48.69813,-103.17355,t,152,12.5,178,17.5,189,178,186,186,0,1
2682,W396,2017,BWTE,grass,grass,48.69379,-103.24308,t,162,7.8,179,5.8,184,179,179,184,1,1
2683,W397,2017,BWTE,grass,grass,48.69815,-103.24102,t,163,8,179,8.8,195,179,193,193,0,1
2684,W398,2017,GADW,grass,grass,48.6969,-103.24011,t,157,16,179,15.3,184,179,183,183,0,1
2685,W399,2017,MALL,grass,grass,48.6946,-103.22668,t,159,11.3,179,9.8,184,179,179,184,1,1
2686,W4,2017,MALL,grass,grass,48.34587,-102.69914,t,123,6.5,125,6.5,130,125,125,130,1,1
2687,W40,2017,BWTE,grass,grass,48.67578,-103.16681,t,136,7.8,138,7,143,138,138,143,1,1
2688,W400,2017,BWTE,grass,grass,48.84864,-103.88251,t,165,12,180,7.8,196,180,191,196,1,1
2689,W401,2017,GADW,grass,grass,48.84741,-103.88342,t,170,11.3,180,11.8,202,180,201,201,0,1
2690,W402,2017,LESC,grass,grass,48.84804,-103.88393,t,167,16.8,180,12,191,180,186,191,1,1
2691,W403,2017,GADW,grass,grass,48.85036,-103.88961,t,172,8.8,180,5.3,191,180,186,191,1,1
2692,W404,2017,NSHO,grass,grass,48.85027,-103.88956,t,161,13.5,180,12.8,191,180,190,190,0,1
2693,W405,2017,MALL,grass,grass,48.85015,-103.88889,t,171,7.3,180,5.5,196,180,191,196,1,1
2694,W406,2017,GADW,grass,grass,48.81756,-103.86483,t,152,16.3,180,15.3,186,180,184,184,0,1
2695,W407,2017,NSHO,grass,grass,48.15324,-102.66698,t,164,16.3,181,11.5,187,181,181,187,1,1
2696,W408,2017,AMWI,grass,grass,48.14705,-102.6668,t,156,14.8,181,14,193,181,189,189,0,1
2697,W409,2017,MALL,grass,grass,48.15306,-102.66817,t,171,16,181,13,193,181,187,193,1,1
2698,W41,2017,BWTE,grass,grass,48.67542,-103.1649,t,134,8.3,138,6.8,143,138,138,143,1,1
2699,W410,2017,GADW,grass,grass,48.15325,-102.6696,t,164,16.8,181,18,198,181,195,195,0,1
2700,W411,2017,LESC,grass,grass,48.14798,-102.66927,t,170,14,181,13.8,193,181,187,193,1,1
2701,W412,2017,GADW,grass,grass,48.3436,-102.70285,t,157,14.5,182,11,193,182,190,190,0,1
2702,W413,2017,GADW,grass,grass,48.3456,-102.7097,t,163,12.3,182,11.8,193,182,187,193,1,1
2703,W414,2017,MALL,grass,grass,48.4108,-102.66038,t,169,17.5,183,19,197,183,190,197,1,1
2704,W415,2017,MALL,grass,grass,48.40372,-102.66682,t,179,9.3,184,8.5,204,184,197,204,1,1
2705,W416,2017,MALL,grass,grass,48.40543,-102.66116,t,166,14,184,14,197,184,190,197,1,1
2706,W417,2017,GADW,grass,grass,48.66243,-103.16409,t,179,14.3,184,11,189,184,184,189,1,1
2707,W418,2017,MALL,grass,grass,48.66257,-103.16314,t,172,17.5,184,15,189,184,184,189,1,1
2708,W419,2017,LESC,grass,grass,48.49928,-102.40544,t,158,4,186,4.8,191,186,189,189,0,1
2709,W42,2017,BWTE,hay,grass,48.6724,-103.16402,t,130,9.5,138,8.5,170,138,164,164,0,1
2710,W420,2017,NSHO,grass,grass,48.49758,-102.40285,t,167,5.3,186,4,191,186,186,191,1,1
2711,W421,2017,MALL,grass,grass,48.20707,-102.65482,t,167,9.8,188,8.8,202,188,200,200,0,1
2712,W422,2017,LESC,grass,grass,48.21034,-102.64227,t,177,12,188,6.3,202,188,195,202,1,1
2713,W423,2017,NOPI,grass,grass,48.73027,-103.16928,t,138,16.3,188,17.5,193,188,189,189,0,1
2714,W424,2017,BWTE,grass,grass,48.73,-103.1696,t,170,8.5,188,7.3,198,188,193,198,1,1
2715,W425,2017,GADW,grass,grass,48.73474,-103.16546,t,173,9.5,190,9.8,205,190,205,205,0,1
2716,W426,2017,LESC,grass,grass,48.7503,-102.89339,t,184,11,190,10,204,190,197,204,1,1
2717,W427,2017,LESC,grass,grass,48.75309,-102.89154,t,181,14.8,190,12.8,197,190,190,197,1,1
2718,W428,2017,GADW,grass,grass,48.75215,-102.88776,t,181,10.8,190,9.8,210,190,204,210,1,1
2719,W429,2017,BWTE,grass,grass,48.75395,-102.8884,t,171,8.3,190,7.5,197,190,190,197,1,1
2720,W43,2017,MALL,grass,grass,48.66896,-103.16648,t,132,9.3,138,5.3,149,138,143,149,1,1
2721,W430,2017,BWTE,grass,grass,48.75895,-102.89589,t,174,7.3,191,8.8,204,191,197,204,1,1
2722,W431,2017,LESC,grass,grass,48.7612,-102.89581,t,180,20,191,20,204,191,197,204,1,1
2723,W432,2017,BWTE,grass,grass,48.76311,-102.89572,t,170,5,191,6.3,204,191,200,200,0,1
2724,W433,2017,BWTE,grass,grass,48.76319,-102.89581,t,173,16,191,14.5,204,191,198,198,0,1
2725,W434,2017,LESC,grass,grass,48.76363,-102.88829,t,173,10.5,191,7.5,197,191,191,197,1,1
2726,W436,2017,GADW,grass,grass,48.75948,-102.88757,t,167,12,191,9.5,197,191,191,197,1,1
2727,W437,2017,AGWT,grass,grass,48.75713,-102.88795,t,171,12.8,191,9.8,197,191,191,197,1,1
2728,W438,2017,MALL,grass,grass,48.76152,-102.8872,t,176,17,191,17.8,210,191,209,209,0,1
2729,W439,2017,GADW,grass,grass,48.76031,-102.88639,t,171,13.5,191,14.3,197,191,191,197,1,1
2730,W44,2017,NSHO,grass,grass,48.66902,-103.16579,t,122,5.8,138,6.8,149,138,143,149,1,1
2731,W440,2017,GADW,grass,grass,48.77922,-103.19984,t,167,15.3,192,15.3,203,192,200,200,0,1
2732,W441,2017,MALL,grass,grass,48.77916,-103.20046,t,165,18.8,192,19.5,203,192,197,197,0,1
2733,W444,2017,GADW,grass,grass,48.78349,-103.19255,t,139,18.8,192,18.8,196,192,193,193,0,1
2734,W445,2017,GADW,grass,grass,48.78505,-103.19194,t,167,12.3,192,13,203,192,199,199,0,1
2735,W446,2017,LESC,grass,grass,48.78507,-103.19769,t,164,9.8,192,8.3,196,192,192,196,1,1
2736,W447,2017,GADW,hay,grass,48.73244,-102.68811,t,168,11.5,196,12,202,196,200,200,0,1
2737,W448,2017,LESC,grass,forb,48.73043,-102.68797,t,192,10.3,196,9,208,196,196,208,1,1
2738,W45,2017,MALL,grass,grass,48.66312,-103.16383,t,130,9.3,138,5,143,138,138,143,1,1
2739,W46,2017,NOPI,grass,grass,48.66378,-103.16388,t,130,7.5,138,6,143,138,138,143,1,1
2740,W47,2017,BWTE,grass,grass,48.66532,-103.16338,t,127,9.8,138,5.5,149,138,143,149,1,1
2741,W48,2017,MALL,grass,grass,48.66853,-103.16324,t,119,8.8,138,8.3,149,138,148,148,0,1
2742,W49,2017,BWTE,grass,grass,48.69805,-103.24136,t,132,5.8,139,5.8,151,139,145,151,1,1
2743,W5,2017,MALL,grass,grass,48.34751,-102.70112,t,120,6.8,125,7,130,125,125,130,1,1
2744,W50,2017,NSHO,grass,grass,48.69144,-103.2424,t,131,7,139,9.5,168,139,165,165,0,1
2745,W51,2017,NSHO,grass,grass,48.69268,-103.24352,t,127,9,139,7.5,145,139,139,145,1,1
2746,W52,2017,NOPI,grass,grass,48.69247,-103.24391,t,129,8,139,6.8,151,139,145,151,1,1
2747,W53,2017,NOPI,grass,grass,48.69466,-103.24418,t,125,7,139,7.5,145,139,139,145,1,1
2748,W54,2017,MALL,grass,grass,48.69529,-103.24133,t,126,8.8,139,7.8,151,139,145,151,1,1
2749,W55,2017,NSHO,grass,grass,48.69618,-103.23872,t,133,8.5,140,9.5,155,140,150,155,1,1
2750,W56,2017,MALL,grass,grass,48.69743,-103.23936,t,123,12.5,140,14.3,156,140,156,156,0,1
2751,W57,2017,MALL,grass,grass,48.69553,-103.22472,t,136,8.8,140,9.3,173,140,169,169,0,1
2752,W58,2017,MALL,grass,grass,48.69594,-103.22646,t,132,9.8,140,11,150,140,145,150,1,1
2753,W59,2017,NOPI,grass,low.shrub,48.69624,-103.22282,t,112,7,140,7.3,145,140,142,142,0,1
2754,W6,2017,MALL,grass,grass,48.3474,-102.70101,t,111,8,125,6.5,137,125,130,137,1,1
2755,W60,2017,NOPI,grass,grass,48.75126,-102.88676,t,133,7.3,140,8,150,140,145,150,1,1
2756,W61,2017,BWTE,grass,grass,48.76061,-102.89269,t,130,5,140,5.8,165,140,162,162,0,1
2757,W62,2017,NOPI,grass,grass,48.82173,-103.86766,t,137,4.3,141,4.3,148,141,141,148,1,1
2758,W64,2017,MALL,grass,tall.shrub,48.14968,-102.68693,t,133,21.8,142,22.3,149,142,142,149,1,1
2759,W65,2017,BWTE,grass,grass,48.14964,-102.68731,t,137,7,142,7.5,149,142,142,149,1,1
2760,W66,2017,BWTE,grass,grass,48.14705,-102.68639,t,141,7.5,142,7.3,149,142,142,149,1,1
2761,W67,2017,BWTE,grass,grass,48.14752,-102.68434,t,130,8.3,142,9.3,155,142,149,155,1,1
2762,W68,2017,MALL,grass,grass,48.14859,-102.67136,t,127,9.8,142,7.8,155,142,149,155,1,1
2763,W69,2017,MALL,grass,grass,48.1467,-102.66991,t,130,6.3,142,8.8,162,142,161,161,0,1
2764,W7,2017,NOPI,grass,grass,48.34732,-102.70117,t,118,7.5,125,11.8,143,125,137,143,1,1
2765,W70,2017,GADW,grass,grass,48.15179,-102.66797,t,131,9,142,7,155,142,149,155,1,1
2766,W71,2017,MALL,grass,grass,48.14849,-102.6688,t,116,8,142,8.3,149,142,147,147,0,1
2767,W72,2017,NSHO,grass,grass,48.15348,-102.66731,t,134,5.5,142,7,168,142,166,166,0,1
2768,W73,2017,MALL,grass,grass,48.14857,-102.6671,t,125,8.5,142,7.3,149,142,142,149,1,1
2769,W74,2017,MALL,grass,grass,48.14965,-102.66668,t,133,9.8,142,6,149,142,142,149,1,1
2770,W75,2017,BWTE,grass,grass,48.1482,-102.67725,t,132,8.3,143,9.5,169,143,164,164,0,1
2771,W76,2017,BWTE,grass,grass,48.14915,-102.67645,t,138,6.8,143,7.3,155,143,149,155,1,1
2772,W77,2017,NSHO,grass,grass,48.14741,-102.67201,t,126,12.3,143,13.3,162,143,155,162,1,1
2773,W78,2017,BWTE,grass,grass,48.14779,-102.67183,t,125,9.5,143,12,162,143,156,156,0,1
2774,W79,2017,GADW,grass,grass,48.14821,-102.67419,t,117,14,123,14.8,169,123,162,169,1,1
2775,W8,2017,MALL,grass,grass,48.34661,-102.70094,t,123,7.5,125,6.3,137,125,130,137,1,1
2776,W80,2017,BWTE,grass,grass,48.34025,-102.69992,t,137,10.8,143,12.5,173,143,170,170,0,1
2777,W81,2017,GADW,grass,grass,48.34579,-102.70011,t,134,10,143,9.8,167,143,166,166,0,1
2778,W82,2017,NSHO,grass,grass,48.34578,-102.69994,t,124,10.3,143,11.3,162,143,155,162,1,1
2779,W83,2017,BWTE,grass,grass,48.3476,-102.70044,t,136,7.5,143,8.5,155,143,149,155,1,1
2780,W84,2017,MALL,grass,grass,48.344,-102.70126,t,132,17,143,12.3,149,143,143,149,1,1
2781,W85,2017,BWTE,hay,grass,48.34333,-102.70357,t,131,10,143,6.3,155,143,149,155,1,1
2782,W86,2017,GADW,grass,grass,48.34847,-102.70557,t,133,9.3,143,11,173,143,169,169,0,1
2783,W87,2017,MALL,grass,grass,48.34694,-102.70654,t,134,10.5,143,10.8,162,143,155,162,1,1
2784,W88,2017,MALL,grass,grass,48.34317,-102.7057,t,137,13.5,143,15.5,167,143,166,166,0,1
2785,W89,2017,MALL,grass,grass,48.67179,-103.16312,t,124,9,143,9.8,163,143,156,163,1,1
2786,W9,2017,NOPI,grass,grass,48.34649,-102.70138,t,114,5.8,125,7,148,125,144,144,0,1
2787,W90,2017,AGWT,grass,grass,48.41091,-102.6673,t,138,17.8,144,14.8,151,144,144,151,1,1
2788,W91,2017,MALL,grass,grass,48.41188,-102.66525,t,128,10,144,11.5,163,144,161,161,0,1
2789,W92,2017,NSHO,grass,grass,48.41473,-102.66155,t,136,13,144,13,175,144,169,169,0,1
2790,W93,2017,BWTE,grass,low.shrub,48.40549,-102.66678,t,136,12.3,145,12.3,151,145,145,151,1,1
2791,W94,2017,GADW,grass,grass,48.40323,-102.66637,t,131,13,145,13,151,145,145,151,1,1
2792,W96,2017,BWTE,grass,grass,48.49772,-102.406,t,134,7,146,7,152,146,146,152,1,1
2793,W97,2017,BWTE,grass,grass,48.50258,-102.40215,t,134,6,146,6.5,152,146,146,152,1,1
2794,W98,2017,BWTE,grass,grass,48.49866,-102.40437,t,138,9,146,6,176,146,170,170,0,1
2795,W99,2017,BWTE,grass,grass,48.50291,-102.40105,t,144,9.8,146,7.3,158,146,152,158,1,1
